1,0,0.05,1,0,-20.45113,20.45113
1,0,0.04951,0.99,0,-20.43764,20.43764
1,0,0.04902,0.98,0,-20.42429,20.42429
1,0,0.04853,0.97,0,-20.41108,20.41108
1,0,0.04804,0.96,0,-20.39801,20.39801
1,0,0.04755,0.95,0,-20.38508,20.38508
1,0,0.04706,0.94,0,-20.37229,20.37229
1,0,0.04657,0.93,0,-20.35964,20.35964
1,0,0.04608,0.92,0,-20.34713,20.34713
1,0,0.04559,0.91,0,-20.33476,20.33476
1,0,0.04509,0.9,0,-20.32253,20.32253
1,0,0.0446,0.89,0,-20.31044,20.31044
1,0,0.04411,0.88,0,-20.29848,20.29848
1,0,0.04362,0.87,0,-20.28667,20.28667
1,0,0.04312,0.86,0,-20.27499,20.27499
1,0,0.04263,0.85,0,-20.26345,20.26345
1,0,0.04214,0.84,0,-20.25205,20.25205
1,0,0.04164,0.83001,0,-20.24078,20.24078
1,0,0.04115,0.82001,0,-20.22966,20.22966
1,0,0.04065,0.81001,0,-20.21867,20.21867
1,0,0.04016,0.80001,0,-20.20782,20.20782
1,0,0.03967,0.79001,0,-20.19711,20.19711
1,0,0.03917,0.78001,0,-20.18653,20.18653
1,0,0.03867,0.77001,0,-20.17609,20.17609
1,0,0.03818,0.76001,0,-20.16579,20.16579
1,0,0.03768,0.75001,0,-20.15563,20.15563
1,0,0.03719,0.74001,0,-20.1456,20.1456
1,0,0.03669,0.73001,0,-20.13571,20.13571
1,0,0.03619,0.72001,0,-20.12595,20.12595
1,0,0.0357,0.71001,0,-20.11633,20.11633
1,0,0.0352,0.70001,0,-20.10685,20.10685
1,0,0.0347,0.69001,0,-20.09751,20.09751
1,0,0.0342,0.68001,0,-20.0883,20.0883
1,0,0.03371,0.67001,0,-20.07922,20.07922
1,0,0.03321,0.66001,0,-20.07029,20.07029
1,0,0.03271,0.65001,0,-20.06149,20.06149
1,0,0.03221,0.64001,0,-20.05282,20.05282
1,0,0.03171,0.63001,0,-20.04429,20.04429
1,0,0.03121,0.62001,0,-20.0359,20.0359
1,0,0.03071,0.61001,0,-20.02764,20.02764
1,0,0.03021,0.60001,0,-20.01952,20.01952
1,0,0.02971,0.59001,0,-20.01153,20.01153
1,0,0.02922,0.58001,0,-20.00368,20.00368
1,0,0.02872,0.57001,0,-19.99596,19.99596
1,0,0.02821,0.56001,0,-19.98838,19.98838
1,0,0.02771,0.55001,0,-19.98093,19.98093
1,0,0.02721,0.54001,0,-19.97362,19.97362
1,0,0.02671,0.53001,0,-19.96645,19.96645
1,0,0.02621,0.52001,0,-19.9594,19.9594
1,0,0.02571,0.51001,0,-19.9525,19.9525
1,0,0.02521,0.50001,0,-19.94573,19.94573
1,0,0.02471,0.49001,0,-19.93909,19.93909
1,0,0.02421,0.48001,0,-19.93259,19.93259
1,0,0.02371,0.47001,0,-19.92622,19.92622
1,0,0.0232,0.46001,0,-19.91999,19.91999
1,0,0.0227,0.45001,0,-19.91389,19.91389
1,0,0.0222,0.44001,0,-19.90793,19.90793
1,0,0.0217,0.43001,0,-19.9021,19.9021
1,0,0.02119,0.42001,0,-19.89641,19.89641
1,0,0.02069,0.41001,0,-19.89085,19.89085
1,0,0.02019,0.40001,0,-19.88542,19.88542
1,0,0.01969,0.39001,0,-19.88013,19.88013
1,0,0.01918,0.38001,0,-19.87497,19.87497
1,0,0.01868,0.37001,0,-19.86995,19.86995
1,0,0.01818,0.36001,0,-19.86507,19.86507
1,0,0.01767,0.35001,0,-19.86031,19.86031
1,0,0.01717,0.34001,0,-19.85569,19.85569
1,0,0.01667,0.33001,0,-19.85121,19.85121
1,0,0.01616,0.32002,0,-19.84686,19.84686
1,0,0.01566,0.31002,0,-19.84264,19.84264
1,0,0.01515,0.30002,0,-19.83856,19.83856
1,0,0.01465,0.29002,0,-19.83461,19.83461
1,0,0.01415,0.28002,0,-19.83079,19.83079
1,0,0.01364,0.27002,0,-19.82711,19.82711
1,0,0.01314,0.26002,0,-19.82357,19.82357
1,0,0.01263,0.25002,0,-19.82015,19.82015
1,0,0.01213,0.24002,0,-19.81688,19.81688
1,0,0.01162,0.23002,0,-19.81373,19.81373
1,0,0.01112,0.22002,0,-19.81072,19.81072
1,0,0.01061,0.21002,0,-19.80784,19.80784
1,0,0.01011,0.20002,0,-19.8051,19.8051
1,0,0.0096,0.19002,0,-19.80249,19.80249
1,0,0.0091,0.18002,0,-19.80002,19.80002
1,0,0.00859,0.17002,0,-19.79768,19.79768
1,0,0.00809,0.16002,0,-19.79547,19.79547
1,0,0.00758,0.15002,0,-19.7934,19.7934
1,0,0.00708,0.14002,0,-19.79146,19.79146
1,0,0.00657,0.13002,0,-19.78965,19.78965
1,0,0.00607,0.12002,0,-19.78798,19.78798
1,0,0.00556,0.11002,0,-19.78644,19.78644
1,0,0.00506,0.10002,0,-19.78504,19.78504
1,0,0.00455,0.09002,0,-19.78376,19.78376
1,0,0.00405,0.08002,0,-19.78263,19.78263
1,0,0.00354,0.07002,0,-19.78162,19.78162
1,0,0.00303,0.06002,0,-19.78075,19.78075
1,0,0.00253,0.05002,0,-19.78002,19.78002
1,0,0.00202,0.04002,0,-19.77942,19.77942
1,0,0.00152,0.03002,0,-19.77895,19.77895
1,0,0.00101,0.02002,0,-19.77861,19.77861
1,0,0.00051,0.01002,0,-19.77841,19.77841
1,0,0.00000,0.00002,0,-19.77835,19.77835
1,0,0,0,0,-19.77835,19.77835
2,0.05652,0.05107,0.99987,0.75258,-20.0045,20.01865
2,0.05654,0.05057,0.98987,0.74478,-19.99168,20.00555
2,0.05656,0.05007,0.97987,0.73699,-19.97899,19.99258
2,0.05658,0.04957,0.96987,0.72921,-19.96642,19.97974
2,0.0566,0.04907,0.95987,0.72143,-19.95399,19.96702
2,0.05661,0.04857,0.94988,0.71367,-19.94167,19.95444
2,0.05663,0.04806,0.93988,0.70592,-19.92949,19.94199
2,0.05665,0.04756,0.92988,0.69817,-19.91743,19.92966
2,0.05667,0.04706,0.91988,0.69043,-19.9055,19.91747
2,0.05668,0.04656,0.90988,0.6827,-19.89369,19.90541
2,0.0567,0.04606,0.89988,0.67498,-19.88202,19.89347
2,0.05672,0.04555,0.88988,0.66727,-19.87047,19.88167
2,0.05673,0.04505,0.87988,0.65956,-19.85904,19.86999
2,0.05675,0.04455,0.86988,0.65186,-19.84775,19.85845
2,0.05677,0.04405,0.85988,0.64417,-19.83658,19.84703
2,0.05678,0.04354,0.84988,0.63649,-19.82553,19.83575
2,0.0568,0.04304,0.83988,0.62881,-19.81462,19.82459
2,0.05682,0.04253,0.82988,0.62114,-19.80383,19.81357
2,0.05683,0.04203,0.81988,0.61348,-19.79317,19.80268
2,0.05685,0.04152,0.80988,0.60583,-19.78264,19.79191
2,0.05686,0.04102,0.79988,0.59818,-19.77224,19.78128
2,0.05688,0.04051,0.78989,0.59054,-19.76196,19.77078
2,0.05689,0.04001,0.77989,0.5829,-19.75181,19.76041
2,0.05691,0.0395,0.76989,0.57527,-19.74179,19.75017
2,0.05692,0.039,0.75989,0.56765,-19.7319,19.74006
2,0.05694,0.03849,0.74989,0.56003,-19.72213,19.73008
2,0.05695,0.03798,0.73989,0.55242,-19.71249,19.72023
2,0.05697,0.03748,0.72989,0.54482,-19.70298,19.71052
2,0.05698,0.03697,0.71989,0.53722,-19.6936,19.70093
2,0.05699,0.03646,0.70989,0.52963,-19.68435,19.69147
2,0.05701,0.03595,0.69989,0.52204,-19.67523,19.68215
2,0.05702,0.03544,0.68989,0.51446,-19.66623,19.67296
2,0.05703,0.03494,0.67989,0.50689,-19.65736,19.6639
2,0.05705,0.03443,0.66989,0.49932,-19.64862,19.65497
2,0.05706,0.03392,0.65989,0.49175,-19.64001,19.64617
2,0.05707,0.03341,0.64989,0.48419,-19.63153,19.6375
2,0.05708,0.0329,0.63989,0.47664,-19.62318,19.62896
2,0.0571,0.03239,0.62989,0.46909,-19.61495,19.62056
2,0.05711,0.03188,0.61989,0.46155,-19.60685,19.61229
2,0.05712,0.03137,0.6099,0.45401,-19.59889,19.60414
2,0.05713,0.03086,0.5999,0.44647,-19.59105,19.59613
2,0.05714,0.03035,0.5899,0.43894,-19.58334,19.58826
2,0.05715,0.02984,0.5799,0.43142,-19.57576,19.58051
2,0.05717,0.02933,0.5699,0.42389,-19.5683,19.57289
2,0.05718,0.02882,0.5599,0.41638,-19.56098,19.56541
2,0.05719,0.02831,0.5499,0.40887,-19.55378,19.55806
2,0.0572,0.0278,0.5399,0.40136,-19.54672,19.55084
2,0.05721,0.02729,0.5299,0.39385,-19.53978,19.54375
2,0.05722,0.02677,0.5199,0.38635,-19.53297,19.5368
2,0.05723,0.02626,0.5099,0.37886,-19.5263,19.52997
2,0.05724,0.02575,0.4999,0.37137,-19.51975,19.52328
2,0.05725,0.02524,0.4899,0.36388,-19.51333,19.51672
2,0.05726,0.02473,0.4799,0.35639,-19.50704,19.51029
2,0.05727,0.02421,0.4699,0.34891,-19.50087,19.504
2,0.05728,0.0237,0.4599,0.34143,-19.49484,19.49783
2,0.05729,0.02319,0.4499,0.33396,-19.48894,19.4918
2,0.05729,0.02267,0.4399,0.32649,-19.48316,19.4859
2,0.0573,0.02216,0.4299,0.31902,-19.47752,19.48013
2,0.05731,0.02165,0.4199,0.31156,-19.47201,19.4745
2,0.05732,0.02113,0.40991,0.3041,-19.46662,19.46899
2,0.05733,0.02062,0.39991,0.29664,-19.46136,19.46362
2,0.05733,0.02011,0.38991,0.28918,-19.45624,19.45839
2,0.05734,0.01959,0.37991,0.28173,-19.45124,19.45328
2,0.05735,0.01908,0.36991,0.27428,-19.44637,19.44831
2,0.05736,0.01857,0.35991,0.26684,-19.44163,19.44347
2,0.05736,0.01805,0.34991,0.25939,-19.43703,19.43876
2,0.05737,0.01754,0.33991,0.25195,-19.43255,19.43418
2,0.05738,0.01702,0.32991,0.24451,-19.4282,19.42974
2,0.05738,0.01651,0.31991,0.23707,-19.42398,19.42542
2,0.05739,0.01599,0.30991,0.22964,-19.41989,19.42125
2,0.0574,0.01548,0.29991,0.22221,-19.41593,19.4172
2,0.0574,0.01496,0.28991,0.21478,-19.4121,19.41329
2,0.05741,0.01445,0.27991,0.20735,-19.4084,19.4095
2,0.05741,0.01393,0.26991,0.19993,-19.40482,19.40585
2,0.05742,0.01342,0.25991,0.1925,-19.40138,19.40234
2,0.05742,0.0129,0.24991,0.18508,-19.39807,19.39895
2,0.05743,0.01239,0.23991,0.17766,-19.39489,19.3957
2,0.05743,0.01187,0.22991,0.17024,-19.39184,19.39259
2,0.05744,0.01135,0.21991,0.16283,-19.38892,19.3896
2,0.05744,0.01084,0.20991,0.15541,-19.38612,19.38675
2,0.05744,0.01032,0.19991,0.148,-19.38346,19.38403
2,0.05745,0.00981,0.18991,0.14059,-19.38093,19.38144
2,0.05745,0.00929,0.17991,0.13318,-19.37852,19.37898
2,0.05746,0.00878,0.16992,0.12577,-19.37625,19.37666
2,0.05746,0.00826,0.15992,0.11836,-19.37411,19.37447
2,0.05746,0.00774,0.14992,0.11095,-19.3721,19.37241
2,0.05747,0.00723,0.13992,0.10355,-19.37021,19.37049
2,0.05747,0.00671,0.12992,0.09614,-19.36846,19.3687
2,0.05747,0.00619,0.11992,0.08874,-19.36683,19.36704
2,0.05747,0.00568,0.10992,0.08134,-19.36534,19.36551
2,0.05747,0.00516,0.09992,0.07393,-19.36398,19.36412
2,0.05748,0.00464,0.08992,0.06653,-19.36274,19.36286
2,0.05748,0.00413,0.07992,0.05913,-19.36164,19.36173
2,0.05748,0.00361,0.06992,0.05173,-19.36067,19.36074
2,0.05748,0.0031,0.05992,0.04433,-19.35982,19.35987
2,0.05748,0.00258,0.04992,0.03693,-19.35911,19.35914
2,0.05748,0.00206,0.03992,0.02953,-19.35852,19.35855
2,0.05748,0.00155,0.02992,0.02214,-19.35807,19.35808
2,0.05748,0.00103,0.01992,0.01474,-19.35775,19.35775
2,0.05748,0.00051,0.00992,0.00734,-19.35755,19.35755
2,0.05748,0,0,0,-19.35749,19.35749
3,0.11418,0.05435,1.0002,1.43249,-18.78536,18.8399
3,0.11422,0.05382,0.9902,1.41783,-18.77292,18.82638
3,0.11426,0.05329,0.9802,1.40317,-18.76059,18.813
3,0.1143,0.05276,0.9702,1.38853,-18.7484,18.79975
3,0.11434,0.05223,0.9602,1.37389,-18.73633,18.78663
3,0.11438,0.0517,0.9502,1.35927,-18.72439,18.77366
3,0.11442,0.05117,0.9402,1.34465,-18.71257,18.76082
3,0.11445,0.05064,0.9302,1.33004,-18.70088,18.74812
3,0.11449,0.05011,0.9202,1.31544,-18.68931,18.73555
3,0.11453,0.04957,0.9102,1.30085,-18.67787,18.72312
3,0.11457,0.04904,0.9002,1.28626,-18.66656,18.71082
3,0.1146,0.04851,0.8902,1.27169,-18.65537,18.69867
3,0.11464,0.04797,0.8802,1.25712,-18.64431,18.68665
3,0.11467,0.04744,0.87021,1.24256,-18.63338,18.67476
3,0.11471,0.0469,0.86021,1.22801,-18.62257,18.66301
3,0.11475,0.04637,0.85021,1.21347,-18.61188,18.6514
3,0.11478,0.04583,0.84021,1.19894,-18.60132,18.63992
3,0.11481,0.0453,0.83021,1.18441,-18.59089,18.62858
3,0.11485,0.04476,0.82021,1.1699,-18.58059,18.61738
3,0.11488,0.04423,0.81021,1.15539,-18.57041,18.60631
3,0.11491,0.04369,0.80021,1.14089,-18.56035,18.59538
3,0.11495,0.04315,0.79021,1.12639,-18.55042,18.58459
3,0.11498,0.04262,0.78021,1.11191,-18.54062,18.57393
3,0.11501,0.04208,0.77021,1.09744,-18.53094,18.56341
3,0.11504,0.04154,0.76021,1.08297,-18.52138,18.55302
3,0.11508,0.041,0.75021,1.06851,-18.51196,18.54277
3,0.11511,0.04046,0.74021,1.05406,-18.50266,18.53265
3,0.11514,0.03992,0.73022,1.03961,-18.49348,18.52268
3,0.11517,0.03939,0.72022,1.02518,-18.48443,18.51283
3,0.1152,0.03885,0.71022,1.01075,-18.4755,18.50313
3,0.11523,0.03831,0.70022,0.99633,-18.4667,18.49356
3,0.11525,0.03777,0.69022,0.98191,-18.45803,18.48413
3,0.11528,0.03723,0.68022,0.96751,-18.44948,18.47483
3,0.11531,0.03669,0.67022,0.95311,-18.44105,18.46567
3,0.11534,0.03614,0.66022,0.93872,-18.43275,18.45664
3,0.11537,0.0356,0.65022,0.92433,-18.42458,18.44775
3,0.11539,0.03506,0.64022,0.90996,-18.41653,18.439
3,0.11542,0.03452,0.63022,0.89559,-18.40861,18.43038
3,0.11545,0.03398,0.62022,0.88123,-18.40081,18.4219
3,0.11547,0.03344,0.61022,0.86687,-18.39314,18.41355
3,0.1155,0.03289,0.60022,0.85252,-18.38559,18.40534
3,0.11552,0.03235,0.59022,0.83818,-18.37816,18.39727
3,0.11555,0.03181,0.58023,0.82385,-18.37087,18.38933
3,0.11557,0.03126,0.57023,0.80952,-18.36369,18.38153
3,0.1156,0.03072,0.56023,0.7952,-18.35665,18.37386
3,0.11562,0.03018,0.55023,0.78088,-18.34972,18.36633
3,0.11564,0.02963,0.54023,0.76657,-18.34293,18.35894
3,0.11566,0.02909,0.53023,0.75227,-18.33625,18.35168
3,0.11569,0.02854,0.52023,0.73797,-18.3297,18.34455
3,0.11571,0.028,0.51023,0.72368,-18.32328,18.33757
3,0.11573,0.02745,0.50023,0.7094,-18.31698,18.33072
3,0.11575,0.02691,0.49023,0.69512,-18.31081,18.324
3,0.11577,0.02636,0.48023,0.68085,-18.30476,18.31742
3,0.11579,0.02582,0.47023,0.66658,-18.29884,18.31098
3,0.11581,0.02527,0.46023,0.65232,-18.29304,18.30467
3,0.11583,0.02472,0.45023,0.63806,-18.28737,18.2985
3,0.11585,0.02418,0.44023,0.62381,-18.28182,18.29246
3,0.11587,0.02363,0.43023,0.60957,-18.27639,18.28656
3,0.11589,0.02309,0.42024,0.59533,-18.2711,18.28079
3,0.1159,0.02254,0.41024,0.58109,-18.26592,18.27516
3,0.11592,0.02199,0.40024,0.56686,-18.26087,18.26967
3,0.11594,0.02144,0.39024,0.55264,-18.25595,18.26431
3,0.11595,0.0209,0.38024,0.53842,-18.25115,18.25909
3,0.11597,0.02035,0.37024,0.5242,-18.24647,18.254
3,0.11598,0.0198,0.36024,0.50999,-18.24192,18.24905
3,0.116,0.01925,0.35024,0.49578,-18.23749,18.24423
3,0.11601,0.01871,0.34024,0.48158,-18.23319,18.23955
3,0.11603,0.01816,0.33024,0.46738,-18.22902,18.23501
3,0.11604,0.01761,0.32024,0.45318,-18.22497,18.2306
3,0.11606,0.01706,0.31024,0.43899,-18.22104,18.22633
3,0.11607,0.01651,0.30024,0.42481,-18.21724,18.22219
3,0.11608,0.01596,0.29024,0.41062,-18.21356,18.21819
3,0.11609,0.01542,0.28024,0.39644,-18.21,18.21432
3,0.11611,0.01487,0.27024,0.38227,-18.20658,18.21059
3,0.11612,0.01432,0.26024,0.36809,-18.20327,18.20699
3,0.11613,0.01377,0.25024,0.35392,-18.20009,18.20353
3,0.11614,0.01322,0.24025,0.33976,-18.19704,18.20021
3,0.11615,0.01267,0.23025,0.32559,-18.19411,18.19702
3,0.11616,0.01212,0.22025,0.31143,-18.1913,18.19397
3,0.11617,0.01157,0.21025,0.29727,-18.18862,18.19105
3,0.11618,0.01102,0.20025,0.28312,-18.18606,18.18827
3,0.11618,0.01047,0.19025,0.26896,-18.18363,18.18562
3,0.11619,0.00992,0.18025,0.25481,-18.18132,18.18311
3,0.1162,0.00937,0.17025,0.24066,-18.17914,18.18073
3,0.11621,0.00882,0.16025,0.22652,-18.17708,18.1785
3,0.11621,0.00827,0.15025,0.21237,-18.17515,18.17639
3,0.11622,0.00772,0.14025,0.19823,-18.17334,18.17442
3,0.11623,0.00717,0.13025,0.18409,-18.17166,18.17259
3,0.11623,0.00662,0.12025,0.16995,-18.1701,18.17089
3,0.11624,0.00607,0.11025,0.15581,-18.16866,18.16933
3,0.11624,0.00552,0.10025,0.14168,-18.16735,18.1679
3,0.11624,0.00497,0.09025,0.12754,-18.16616,18.16661
3,0.11625,0.00442,0.08025,0.11341,-18.1651,18.16545
3,0.11625,0.00387,0.07025,0.09928,-18.16416,18.16443
3,0.11625,0.00332,0.06025,0.08514,-18.16335,18.16355
3,0.11626,0.00277,0.05025,0.07101,-18.16266,18.1628
3,0.11626,0.00222,0.04025,0.05688,-18.1621,18.16219
3,0.11626,0.00167,0.03026,0.04275,-18.16166,18.16171
3,0.11626,0.00112,0.02026,0.02862,-18.16134,18.16137
3,0.11626,0.00056,0.01026,0.01449,-18.16115,18.16116
3,0.11626,0.00001,0.00026,0.00036,-18.16109,18.16109
3,0.11626,0,0,0,-18.16109,18.16109
4,0.17526,0.06027,0.99927,2.0091,-16.86885,16.98808
4,0.17533,0.05969,0.98927,1.98806,-16.85794,16.97476
4,0.1754,0.0591,0.97927,1.96704,-16.84714,16.96159
4,0.17547,0.05852,0.96927,1.94605,-16.83645,16.94854
4,0.17553,0.05793,0.95927,1.9251,-16.82587,16.93564
4,0.1756,0.05734,0.94927,1.90417,-16.8154,16.92287
4,0.17567,0.05676,0.93927,1.88327,-16.80503,16.91023
4,0.17573,0.05617,0.92927,1.8624,-16.79478,16.89773
4,0.1758,0.05558,0.91927,1.84156,-16.78464,16.88536
4,0.17586,0.05499,0.90927,1.82074,-16.7746,16.87313
4,0.17592,0.0544,0.89927,1.79996,-16.76468,16.86103
4,0.17599,0.05381,0.88927,1.7792,-16.75486,16.84907
4,0.17605,0.05322,0.87927,1.75846,-16.74516,16.83724
4,0.17611,0.05263,0.86927,1.73775,-16.73556,16.82554
4,0.17617,0.05204,0.85928,1.71707,-16.72608,16.81398
4,0.17623,0.05145,0.84928,1.69641,-16.7167,16.80256
4,0.17629,0.05086,0.83928,1.67578,-16.70743,16.79127
4,0.17635,0.05026,0.82928,1.65517,-16.69828,16.78011
4,0.17641,0.04967,0.81928,1.63459,-16.68923,16.76909
4,0.17647,0.04908,0.80928,1.61403,-16.68029,16.7582
4,0.17653,0.04848,0.79928,1.59349,-16.67146,16.74744
4,0.17658,0.04789,0.78928,1.57298,-16.66274,16.73682
4,0.17664,0.04729,0.77928,1.55249,-16.65413,16.72634
4,0.17669,0.0467,0.76928,1.53202,-16.64563,16.71599
4,0.17675,0.0461,0.75928,1.51158,-16.63724,16.70577
4,0.1768,0.0455,0.74928,1.49115,-16.62896,16.69568
4,0.17685,0.04491,0.73928,1.47075,-16.62079,16.68573
4,0.17691,0.04431,0.72928,1.45037,-16.61273,16.67592
4,0.17696,0.04371,0.71929,1.43001,-16.60477,16.66624
4,0.17701,0.04312,0.70929,1.40966,-16.59693,16.65669
4,0.17706,0.04252,0.69929,1.38934,-16.5892,16.64727
4,0.17711,0.04192,0.68929,1.36904,-16.58157,16.63799
4,0.17716,0.04132,0.67929,1.34876,-16.57406,16.62885
4,0.17721,0.04072,0.66929,1.3285,-16.56665,16.61983
4,0.17726,0.04012,0.65929,1.30825,-16.55936,16.61095
4,0.1773,0.03952,0.64929,1.28803,-16.55217,16.60221
4,0.17735,0.03892,0.63929,1.26782,-16.54509,16.5936
4,0.17739,0.03832,0.62929,1.24763,-16.53813,16.58512
4,0.17744,0.03772,0.61929,1.22746,-16.53127,16.57677
4,0.17748,0.03711,0.60929,1.2073,-16.52452,16.56856
4,0.17753,0.03651,0.59929,1.18716,-16.51788,16.56049
4,0.17757,0.03591,0.58929,1.16704,-16.51135,16.55254
4,0.17761,0.03531,0.57929,1.14693,-16.50493,16.54473
4,0.17765,0.0347,0.5693,1.12684,-16.49862,16.53706
4,0.1777,0.0341,0.5593,1.10677,-16.49242,16.52952
4,0.17774,0.0335,0.5493,1.08671,-16.48633,16.52211
4,0.17778,0.03289,0.5393,1.06667,-16.48035,16.51483
4,0.17781,0.03229,0.5293,1.04664,-16.47448,16.50769
4,0.17785,0.03168,0.5193,1.02662,-16.46872,16.50068
4,0.17789,0.03108,0.5093,1.00662,-16.46306,16.49381
4,0.17793,0.03047,0.4993,0.98663,-16.45752,16.48707
4,0.17796,0.02987,0.4893,0.96666,-16.45209,16.48046
4,0.178,0.02926,0.4793,0.9467,-16.44677,16.47399
4,0.17803,0.02866,0.4693,0.92675,-16.44155,16.46765
4,0.17807,0.02805,0.4593,0.90682,-16.43645,16.46145
4,0.1781,0.02744,0.4493,0.88689,-16.43146,16.45537
4,0.17813,0.02684,0.4393,0.86698,-16.42657,16.44943
4,0.17816,0.02623,0.4293,0.84708,-16.4218,16.44363
4,0.17819,0.02562,0.4193,0.8272,-16.41713,16.43796
4,0.17822,0.02501,0.4093,0.80732,-16.41258,16.43242
4,0.17825,0.02441,0.39931,0.78746,-16.40813,16.42702
4,0.17828,0.0238,0.38931,0.7676,-16.4038,16.42175
4,0.17831,0.02319,0.37931,0.74776,-16.39957,16.41661
4,0.17834,0.02258,0.36931,0.72792,-16.39545,16.4116
4,0.17837,0.02197,0.35931,0.7081,-16.39145,16.40674
4,0.17839,0.02136,0.34931,0.68828,-16.38755,16.402
4,0.17842,0.02075,0.33931,0.66848,-16.38376,16.3974
4,0.17844,0.02014,0.32931,0.64868,-16.38009,16.39293
4,0.17847,0.01953,0.31931,0.62889,-16.37652,16.38859
4,0.17849,0.01892,0.30931,0.60911,-16.37306,16.38439
4,0.17851,0.01831,0.29931,0.58934,-16.36972,16.38032
4,0.17853,0.0177,0.28931,0.56958,-16.36648,16.37639
4,0.17855,0.01709,0.27931,0.54982,-16.36335,16.37259
4,0.17857,0.01648,0.26931,0.53008,-16.36033,16.36892
4,0.17859,0.01587,0.25931,0.51033,-16.35743,16.36539
4,0.17861,0.01526,0.24931,0.4906,-16.35463,16.36199
4,0.17863,0.01465,0.23931,0.47087,-16.35194,16.35872
4,0.17865,0.01404,0.22931,0.45115,-16.34936,16.35559
4,0.17866,0.01343,0.21931,0.43143,-16.34689,16.35259
4,0.17868,0.01282,0.20932,0.41172,-16.34454,16.34972
4,0.17869,0.01221,0.19932,0.39202,-16.34229,16.34699
4,0.17871,0.01159,0.18932,0.37232,-16.34015,16.34439
4,0.17872,0.01098,0.17932,0.35263,-16.33812,16.34193
4,0.17873,0.01037,0.16932,0.33294,-16.3362,16.3396
4,0.17875,0.00976,0.15932,0.31325,-16.33439,16.3374
4,0.17876,0.00915,0.14932,0.29357,-16.3327,16.33533
4,0.17877,0.00853,0.13932,0.27389,-16.33111,16.3334
4,0.17878,0.00792,0.12932,0.25422,-16.32963,16.33161
4,0.17879,0.00731,0.11932,0.23455,-16.32826,16.32994
4,0.1788,0.0067,0.10932,0.21488,-16.327,16.32842
4,0.1788,0.00608,0.09932,0.19522,-16.32585,16.32702
4,0.17881,0.00547,0.08932,0.17556,-16.32481,16.32576
4,0.17882,0.00486,0.07932,0.1559,-16.32389,16.32463
4,0.17882,0.00425,0.06932,0.13624,-16.32307,16.32364
4,0.17883,0.00363,0.05932,0.11658,-16.32236,16.32277
4,0.17883,0.00302,0.04932,0.09693,-16.32176,16.32205
4,0.17884,0.00241,0.03932,0.07728,-16.32127,16.32145
4,0.17884,0.0018,0.02932,0.05763,-16.32089,16.32099
4,0.17884,0.00118,0.01932,0.03797,-16.32062,16.32067
4,0.17884,0.00057,0.00932,0.01832,-16.32046,16.32047
4,0.17884,0,0,0,-16.32042,16.32042
5,0.24265,0.06976,0.99894,2.35845,-14.5051,14.69559
5,0.24276,0.06908,0.98895,2.33423,-14.49602,14.68275
5,0.24287,0.06841,0.97895,2.31003,-14.48702,14.67004
5,0.24297,0.06774,0.96895,2.28585,-14.47811,14.65745
5,0.24308,0.06706,0.95895,2.26168,-14.46929,14.64498
5,0.24318,0.06639,0.94895,2.23752,-14.46055,14.63263
5,0.24329,0.06571,0.93895,2.21338,-14.45189,14.62041
5,0.24339,0.06504,0.92895,2.18926,-14.44333,14.6083
5,0.24349,0.06436,0.91895,2.16515,-14.43484,14.59632
5,0.24359,0.06368,0.90895,2.14106,-14.42645,14.58446
5,0.24369,0.063,0.89895,2.11699,-14.41814,14.57273
5,0.24379,0.06232,0.88895,2.09292,-14.40992,14.56112
5,0.24389,0.06164,0.87895,2.06888,-14.40178,14.54963
5,0.24399,0.06096,0.86895,2.04485,-14.39374,14.53826
5,0.24409,0.06028,0.85896,2.02084,-14.38578,14.52702
5,0.24418,0.0596,0.84896,1.99684,-14.37791,14.51591
5,0.24427,0.05892,0.83896,1.97285,-14.37012,14.50491
5,0.24437,0.05823,0.82896,1.94889,-14.36242,14.49405
5,0.24446,0.05755,0.81896,1.92493,-14.35482,14.48331
5,0.24455,0.05687,0.80896,1.90099,-14.3473,14.47269
5,0.24464,0.05618,0.79896,1.87707,-14.33987,14.4622
5,0.24473,0.05549,0.78896,1.85316,-14.33252,14.45183
5,0.24482,0.05481,0.77896,1.82927,-14.32527,14.44159
5,0.24491,0.05412,0.76896,1.80539,-14.31811,14.43148
5,0.24499,0.05343,0.75896,1.78152,-14.31103,14.42149
5,0.24508,0.05274,0.74896,1.75767,-14.30405,14.41163
5,0.24516,0.05206,0.73896,1.73383,-14.29715,14.4019
5,0.24525,0.05137,0.72896,1.71001,-14.29034,14.39229
5,0.24533,0.05068,0.71896,1.6862,-14.28363,14.38281
5,0.24541,0.04999,0.70897,1.66241,-14.277,14.37346
5,0.24549,0.04929,0.69897,1.63862,-14.27046,14.36423
5,0.24557,0.0486,0.68897,1.61486,-14.26402,14.35514
5,0.24565,0.04791,0.67897,1.5911,-14.25766,14.34617
5,0.24572,0.04722,0.66897,1.56736,-14.2514,14.33732
5,0.2458,0.04652,0.65897,1.54363,-14.24522,14.32861
5,0.24587,0.04583,0.64897,1.51992,-14.23914,14.32002
5,0.24595,0.04513,0.63897,1.49621,-14.23314,14.31157
5,0.24602,0.04444,0.62897,1.47252,-14.22724,14.30324
5,0.24609,0.04374,0.61897,1.44884,-14.22143,14.29504
5,0.24616,0.04305,0.60897,1.42518,-14.21571,14.28697
5,0.24623,0.04235,0.59897,1.40153,-14.21008,14.27902
5,0.2463,0.04165,0.58897,1.37789,-14.20454,14.27121
5,0.24637,0.04096,0.57897,1.35426,-14.19909,14.26353
5,0.24643,0.04026,0.56897,1.33064,-14.19373,14.25597
5,0.2465,0.03956,0.55897,1.30703,-14.18847,14.24855
5,0.24656,0.03886,0.54898,1.28344,-14.1833,14.24125
5,0.24662,0.03816,0.53898,1.25985,-14.17822,14.23408
5,0.24669,0.03746,0.52898,1.23628,-14.17323,14.22705
5,0.24675,0.03676,0.51898,1.21272,-14.16833,14.22014
5,0.24681,0.03606,0.50898,1.18917,-14.16353,14.21336
5,0.24686,0.03536,0.49898,1.16563,-14.15882,14.20672
5,0.24692,0.03466,0.48898,1.1421,-14.1542,14.2002
5,0.24698,0.03395,0.47898,1.11858,-14.14967,14.19381
5,0.24703,0.03325,0.46898,1.09507,-14.14523,14.18756
5,0.24709,0.03255,0.45898,1.07157,-14.14089,14.18143
5,0.24714,0.03185,0.44898,1.04808,-14.13664,14.17544
5,0.24719,0.03114,0.43898,1.0246,-14.13248,14.16958
5,0.24724,0.03044,0.42898,1.00113,-14.12842,14.16384
5,0.24729,0.02973,0.41898,0.97766,-14.12445,14.15824
5,0.24734,0.02903,0.40898,0.95421,-14.12057,14.15277
5,0.24739,0.02832,0.39898,0.93076,-14.11678,14.14743
5,0.24743,0.02762,0.38898,0.90733,-14.11308,14.14222
5,0.24748,0.02691,0.37899,0.8839,-14.10948,14.13714
5,0.24752,0.02621,0.36899,0.86048,-14.10598,14.1322
5,0.24756,0.0255,0.35899,0.83706,-14.10256,14.12738
5,0.2476,0.02479,0.34899,0.81366,-14.09924,14.1227
5,0.24764,0.02409,0.33899,0.79026,-14.09601,14.11815
5,0.24768,0.02338,0.32899,0.76687,-14.09288,14.11373
5,0.24772,0.02267,0.31899,0.74349,-14.08983,14.10944
5,0.24776,0.02196,0.30899,0.72011,-14.08689,14.10528
5,0.24779,0.02125,0.29899,0.69674,-14.08403,14.10125
5,0.24783,0.02055,0.28899,0.67338,-14.08127,14.09736
5,0.24786,0.01984,0.27899,0.65002,-14.0786,14.0936
5,0.24789,0.01913,0.26899,0.62667,-14.07603,14.08997
5,0.24793,0.01842,0.25899,0.60332,-14.07354,14.08647
5,0.24795,0.01771,0.24899,0.57998,-14.07116,14.0831
5,0.24798,0.017,0.23899,0.55665,-14.06886,14.07987
5,0.24801,0.01629,0.22899,0.53332,-14.06666,14.07677
5,0.24804,0.01558,0.21899,0.50999,-14.06456,14.0738
5,0.24806,0.01487,0.20899,0.48667,-14.06254,14.07096
5,0.24809,0.01416,0.19899,0.46336,-14.06062,14.06826
5,0.24811,0.01345,0.18899,0.44005,-14.0588,14.06568
5,0.24813,0.01274,0.17899,0.41674,-14.05707,14.06324
5,0.24815,0.01203,0.169,0.39344,-14.05543,14.06094
5,0.24817,0.01132,0.159,0.37014,-14.05389,14.05876
5,0.24819,0.01061,0.149,0.34684,-14.05244,14.05672
5,0.24821,0.0099,0.139,0.32355,-14.05108,14.05481
5,0.24822,0.00918,0.129,0.30026,-14.04982,14.05303
5,0.24824,0.00847,0.119,0.27698,-14.04865,14.05138
5,0.24825,0.00776,0.109,0.25369,-14.04758,14.04987
5,0.24826,0.00705,0.099,0.23041,-14.0466,14.04849
5,0.24827,0.00634,0.089,0.20713,-14.04571,14.04724
5,0.24828,0.00563,0.079,0.18385,-14.04492,14.04612
5,0.24829,0.00491,0.069,0.16058,-14.04422,14.04514
5,0.2483,0.0042,0.059,0.1373,-14.04362,14.04429
5,0.24831,0.00349,0.049,0.11403,-14.04311,14.04357
5,0.24831,0.00278,0.039,0.09076,-14.04269,14.04298
5,0.24832,0.00207,0.029,0.06749,-14.04237,14.04253
5,0.24832,0.00135,0.019,0.04422,-14.04214,14.04221
5,0.24832,0.00064,0.009,0.02095,-14.04201,14.04202
5,0.24832,0,0,0,-14.04197,14.04197
6,0.31992,0.08451,1.00026,2.60156,-11.92287,12.2034
6,0.32009,0.08371,0.99026,2.57442,-11.91483,12.18979
6,0.32027,0.08291,0.98026,2.54731,-11.90688,12.17631
6,0.32044,0.08211,0.97026,2.52024,-11.89901,12.16298
6,0.32061,0.0813,0.96027,2.49321,-11.89123,12.14979
6,0.32078,0.0805,0.95027,2.4662,-11.88352,12.13673
6,0.32094,0.07969,0.94027,2.43924,-11.8759,12.12382
6,0.32111,0.07888,0.93027,2.4123,-11.86836,12.11104
6,0.32127,0.07807,0.92027,2.3854,-11.86091,12.0984
6,0.32143,0.07726,0.91027,2.35854,-11.85353,12.0859
6,0.32159,0.07645,0.90027,2.3317,-11.84624,12.07353
6,0.32175,0.07563,0.89027,2.3049,-11.83902,12.0613
6,0.32191,0.07482,0.88027,2.27813,-11.83189,12.04921
6,0.32207,0.074,0.87027,2.25139,-11.82484,12.03726
6,0.32222,0.07319,0.86027,2.22468,-11.81788,12.02545
6,0.32238,0.07237,0.85027,2.198,-11.81099,12.01377
6,0.32253,0.07155,0.84027,2.17135,-11.80418,12.00223
6,0.32268,0.07073,0.83028,2.14473,-11.79746,11.99082
6,0.32283,0.06991,0.82028,2.11814,-11.79081,11.97956
6,0.32297,0.06909,0.81028,2.09157,-11.78425,11.96843
6,0.32312,0.06826,0.80028,2.06504,-11.77777,11.95744
6,0.32326,0.06744,0.79028,2.03853,-11.77137,11.94658
6,0.3234,0.06661,0.78028,2.01205,-11.76505,11.93586
6,0.32354,0.06579,0.77028,1.98559,-11.75881,11.92528
6,0.32368,0.06496,0.76028,1.95917,-11.75265,11.91483
6,0.32382,0.06413,0.75028,1.93277,-11.74658,11.90452
6,0.32396,0.0633,0.74028,1.90639,-11.74058,11.89435
6,0.32409,0.06247,0.73028,1.88004,-11.73466,11.88431
6,0.32422,0.06164,0.72028,1.85372,-11.72883,11.87441
6,0.32435,0.06081,0.71028,1.82742,-11.72307,11.86465
6,0.32448,0.05998,0.70028,1.80114,-11.7174,11.85502
6,0.32461,0.05914,0.69029,1.77489,-11.7118,11.84553
6,0.32474,0.05831,0.68029,1.74866,-11.70629,11.83617
6,0.32486,0.05747,0.67029,1.72245,-11.70085,11.82695
6,0.32498,0.05663,0.66029,1.69627,-11.6955,11.81787
6,0.3251,0.0558,0.65029,1.67011,-11.69023,11.80893
6,0.32522,0.05496,0.64029,1.64397,-11.68504,11.80012
6,0.32534,0.05412,0.63029,1.61785,-11.67993,11.79144
6,0.32545,0.05328,0.62029,1.59176,-11.67489,11.7829
6,0.32557,0.05244,0.61029,1.56568,-11.66994,11.7745
6,0.32568,0.05159,0.60029,1.53963,-11.66507,11.76624
6,0.32579,0.05075,0.59029,1.51359,-11.66028,11.75811
6,0.3259,0.04991,0.58029,1.48758,-11.65557,11.75012
6,0.32601,0.04906,0.57029,1.46158,-11.65094,11.74226
6,0.32611,0.04822,0.56029,1.43561,-11.64639,11.73454
6,0.32621,0.04737,0.55029,1.40965,-11.64192,11.72696
6,0.32632,0.04652,0.5403,1.38371,-11.63754,11.71951
6,0.32642,0.04568,0.5303,1.35779,-11.63323,11.7122
6,0.32651,0.04483,0.5203,1.33188,-11.629,11.70502
6,0.32661,0.04398,0.5103,1.306,-11.62485,11.69798
6,0.32671,0.04313,0.5003,1.28013,-11.62078,11.69108
6,0.3268,0.04228,0.4903,1.25427,-11.6168,11.68431
6,0.32689,0.04143,0.4803,1.22844,-11.61289,11.67768
6,0.32698,0.04058,0.4703,1.20262,-11.60906,11.67119
6,0.32707,0.03972,0.4603,1.17681,-11.60532,11.66483
6,0.32715,0.03887,0.4503,1.15102,-11.60165,11.65861
6,0.32724,0.03802,0.4403,1.12525,-11.59806,11.65252
6,0.32732,0.03716,0.4303,1.09949,-11.59456,11.64657
6,0.3274,0.03631,0.4203,1.07374,-11.59113,11.64076
6,0.32748,0.03545,0.4103,1.04801,-11.58779,11.63508
6,0.32755,0.0346,0.4003,1.02229,-11.58452,11.62954
6,0.32763,0.03374,0.3903,0.99659,-11.58134,11.62414
6,0.3277,0.03288,0.3803,0.97089,-11.57824,11.61887
6,0.32777,0.03202,0.37031,0.94521,-11.57521,11.61374
6,0.32784,0.03116,0.36031,0.91954,-11.57227,11.60875
6,0.32791,0.03031,0.35031,0.89389,-11.56941,11.60389
6,0.32797,0.02945,0.34031,0.86824,-11.56662,11.59917
6,0.32804,0.02859,0.33031,0.84261,-11.56392,11.59458
6,0.3281,0.02773,0.32031,0.81699,-11.5613,11.59013
6,0.32816,0.02687,0.31031,0.79138,-11.55876,11.58582
6,0.32822,0.026,0.30031,0.76577,-11.5563,11.58164
6,0.32827,0.02514,0.29031,0.74018,-11.55392,11.5776
6,0.32833,0.02428,0.28031,0.7146,-11.55162,11.5737
6,0.32838,0.02342,0.27031,0.68903,-11.5494,11.56993
6,0.32843,0.02255,0.26031,0.66346,-11.54726,11.56631
6,0.32848,0.02169,0.25031,0.63791,-11.5452,11.56281
6,0.32853,0.02083,0.24031,0.61236,-11.54322,11.55946
6,0.32857,0.01996,0.23031,0.58682,-11.54133,11.55624
6,0.32862,0.0191,0.22031,0.56129,-11.53951,11.55315
6,0.32866,0.01823,0.21031,0.53576,-11.53777,11.5502
6,0.3287,0.01737,0.20031,0.51024,-11.53612,11.54739
6,0.32873,0.0165,0.19031,0.48473,-11.53454,11.54472
6,0.32877,0.01564,0.18031,0.45923,-11.53305,11.54218
6,0.3288,0.01477,0.17031,0.43373,-11.53163,11.53978
6,0.32883,0.01391,0.16031,0.40823,-11.5303,11.53752
6,0.32886,0.01304,0.15032,0.38274,-11.52904,11.53539
6,0.32889,0.01217,0.14032,0.35726,-11.52787,11.5334
6,0.32892,0.01131,0.13032,0.33178,-11.52678,11.53155
6,0.32894,0.01044,0.12032,0.30631,-11.52576,11.52983
6,0.32896,0.00957,0.11032,0.28083,-11.52483,11.52825
6,0.32898,0.00871,0.10032,0.25537,-11.52398,11.52681
6,0.329,0.00784,0.09032,0.2299,-11.52321,11.5255
6,0.32902,0.00697,0.08032,0.20444,-11.52252,11.52433
6,0.32903,0.0061,0.07032,0.17898,-11.52191,11.5233
6,0.32905,0.00524,0.06032,0.15353,-11.52138,11.52241
6,0.32906,0.00437,0.05032,0.12807,-11.52093,11.52165
6,0.32907,0.0035,0.04032,0.10262,-11.52057,11.52102
6,0.32907,0.00263,0.03032,0.07717,-11.52028,11.52054
6,0.32908,0.00176,0.02032,0.05172,-11.52007,11.52019
6,0.32908,0.0009,0.01032,0.02627,-11.51995,11.51998
6,0.32908,0.00003,0.00032,0.00082,-11.5199,11.5199
6,0.32908,0,0,0,-11.5199,11.5199
7,0.41178,0.10763,0.99997,2.64068,-9.25405,9.62344
7,0.41207,0.10663,0.98997,2.61325,-9.24811,9.61023
7,0.41235,0.10563,0.97997,2.58585,-9.24222,9.59715
7,0.41263,0.10462,0.96997,2.55848,-9.23638,9.58418
7,0.41291,0.10362,0.95997,2.53113,-9.2306,9.57134
7,0.41318,0.10261,0.94997,2.50381,-9.22487,9.55863
7,0.41346,0.1016,0.93997,2.47652,-9.2192,9.54604
7,0.41373,0.10058,0.92997,2.44925,-9.21358,9.53357
7,0.41399,0.09957,0.91998,2.42201,-9.20802,9.52123
7,0.41426,0.09855,0.90998,2.39479,-9.20251,9.50901
7,0.41452,0.09753,0.89998,2.3676,-9.19706,9.49692
7,0.41479,0.09651,0.88998,2.34044,-9.19167,9.48496
7,0.41505,0.09549,0.87998,2.3133,-9.18633,9.47312
7,0.4153,0.09447,0.86998,2.28619,-9.18105,9.46141
7,0.41556,0.09344,0.85998,2.25911,-9.17582,9.44983
7,0.41581,0.09241,0.84998,2.23205,-9.17065,9.43837
7,0.41606,0.09138,0.83998,2.20501,-9.16553,9.42704
7,0.4163,0.09035,0.82998,2.17801,-9.16047,9.41584
7,0.41655,0.08931,0.81998,2.15102,-9.15547,9.40476
7,0.41679,0.08828,0.80999,2.12406,-9.15053,9.39382
7,0.41703,0.08724,0.79999,2.09713,-9.14564,9.383
7,0.41727,0.0862,0.78999,2.07022,-9.14081,9.37231
7,0.4175,0.08516,0.77999,2.04334,-9.13603,9.36175
7,0.41773,0.08412,0.76999,2.01648,-9.13132,9.35132
7,0.41796,0.08307,0.75999,1.98964,-9.12666,9.34102
7,0.41819,0.08203,0.74999,1.96283,-9.12206,9.33084
7,0.41842,0.08098,0.73999,1.93604,-9.11751,9.3208
7,0.41864,0.07993,0.72999,1.90928,-9.11303,9.31089
7,0.41886,0.07887,0.71999,1.88254,-9.1086,9.30111
7,0.41907,0.07782,0.70999,1.85582,-9.10423,9.29145
7,0.41929,0.07677,0.69999,1.82913,-9.09992,9.28193
7,0.4195,0.07571,0.68999,1.80245,-9.09567,9.27254
7,0.41971,0.07465,0.68,1.7758,-9.09147,9.26328
7,0.41991,0.07359,0.67,1.74918,-9.08734,9.25415
7,0.42011,0.07253,0.66,1.72257,-9.08326,9.24515
7,0.42031,0.07146,0.65,1.69599,-9.07924,9.23629
7,0.42051,0.0704,0.64,1.66942,-9.07528,9.22755
7,0.42071,0.06933,0.63,1.64288,-9.07138,9.21895
7,0.4209,0.06826,0.62,1.61636,-9.06754,9.21048
7,0.42109,0.0672,0.61,1.58986,-9.06375,9.20214
7,0.42127,0.06612,0.6,1.56338,-9.06003,9.19393
7,0.42146,0.06505,0.59,1.53692,-9.05637,9.18586
7,0.42164,0.06398,0.58,1.51048,-9.05276,9.17791
7,0.42182,0.0629,0.57,1.48406,-9.04922,9.1701
7,0.42199,0.06183,0.56,1.45766,-9.04573,9.16243
7,0.42217,0.06075,0.55001,1.43128,-9.04231,9.15488
7,0.42233,0.05967,0.54001,1.40492,-9.03894,9.14747
7,0.4225,0.05859,0.53001,1.37857,-9.03564,9.1402
7,0.42266,0.05751,0.52001,1.35225,-9.03239,9.13305
7,0.42283,0.05642,0.51001,1.32594,-9.02921,9.12605
7,0.42298,0.05534,0.50001,1.29965,-9.02608,9.11917
7,0.42314,0.05425,0.49001,1.27337,-9.02302,9.11243
7,0.42329,0.05316,0.48001,1.24712,-9.02001,9.10582
7,0.42344,0.05208,0.47001,1.22088,-9.01707,9.09935
7,0.42359,0.05099,0.46001,1.19465,-9.01419,9.09301
7,0.42373,0.0499,0.45001,1.16844,-9.01136,9.0868
7,0.42387,0.0488,0.44001,1.14225,-9.0086,9.08073
7,0.42401,0.04771,0.43001,1.11607,-9.0059,9.07479
7,0.42414,0.04662,0.42001,1.08991,-9.00326,9.06899
7,0.42427,0.04552,0.41001,1.06376,-9.00068,9.06333
7,0.4244,0.04442,0.40001,1.03763,-8.99817,9.05779
7,0.42452,0.04333,0.39002,1.01151,-8.99571,9.0524
7,0.42465,0.04223,0.38002,0.9854,-8.99331,9.04714
7,0.42477,0.04113,0.37002,0.95931,-8.99098,9.04201
7,0.42488,0.04003,0.36002,0.93323,-8.98871,9.03702
7,0.42499,0.03893,0.35002,0.90716,-8.98649,9.03217
7,0.4251,0.03783,0.34002,0.88111,-8.98434,9.02745
7,0.42521,0.03672,0.33002,0.85506,-8.98226,9.02286
7,0.42531,0.03562,0.32002,0.82903,-8.98023,9.01841
7,0.42542,0.03452,0.31002,0.80301,-8.97826,9.0141
7,0.42551,0.03341,0.30002,0.777,-8.97636,9.00993
7,0.42561,0.0323,0.29002,0.751,-8.97452,9.00588
7,0.4257,0.0312,0.28002,0.72501,-8.97274,9.00198
7,0.42579,0.03009,0.27002,0.69904,-8.97102,8.99821
7,0.42587,0.02898,0.26002,0.67307,-8.96936,8.99458
7,0.42595,0.02787,0.25002,0.64711,-8.96777,8.99108
7,0.42603,0.02676,0.24002,0.62116,-8.96624,8.98773
7,0.42611,0.02565,0.23002,0.59521,-8.96477,8.9845
7,0.42618,0.02454,0.22002,0.56928,-8.96336,8.98142
7,0.42625,0.02343,0.21002,0.54335,-8.96201,8.97847
7,0.42631,0.02232,0.20002,0.51743,-8.96073,8.97565
7,0.42638,0.02121,0.19003,0.49152,-8.9595,8.97298
7,0.42644,0.02009,0.18003,0.46562,-8.95835,8.97044
7,0.42649,0.01898,0.17003,0.43972,-8.95725,8.96803
7,0.42655,0.01787,0.16003,0.41383,-8.95621,8.96577
7,0.4266,0.01675,0.15003,0.38794,-8.95524,8.96364
7,0.42664,0.01564,0.14003,0.36206,-8.95433,8.96165
7,0.42669,0.01452,0.13003,0.33618,-8.95348,8.95979
7,0.42673,0.01341,0.12003,0.31031,-8.9527,8.95807
7,0.42677,0.01229,0.11003,0.28444,-8.95197,8.95649
7,0.4268,0.01117,0.10003,0.25858,-8.95131,8.95505
7,0.42683,0.01006,0.09003,0.23272,-8.95071,8.95374
7,0.42686,0.00894,0.08003,0.20686,-8.95018,8.95257
7,0.42688,0.00782,0.07003,0.18101,-8.94971,8.95154
7,0.4269,0.00671,0.06003,0.15516,-8.9493,8.95064
7,0.42692,0.00559,0.05003,0.12931,-8.94895,8.94988
7,0.42694,0.00447,0.04003,0.10346,-8.94866,8.94926
7,0.42695,0.00336,0.03003,0.07762,-8.94844,8.94878
7,0.42696,0.00224,0.02003,0.05177,-8.94828,8.94843
7,0.42696,0.00112,0.01003,0.02593,-8.94818,8.94822
7,0.42696,0,0.00003,0.00008,-8.94815,8.94815
7,0.42696,0,0,0,-8.94815,8.94815
8,0.52587,0.1452,0.99976,2.52162,-6.73575,7.19228
8,0.52635,0.1439,0.98976,2.49519,-6.73165,7.17921
8,0.52684,0.14259,0.97976,2.46878,-6.72758,7.16626
8,0.52732,0.14128,0.96976,2.44241,-6.72354,7.15341
8,0.52779,0.13996,0.95977,2.41608,-6.71952,7.14068
8,0.52826,0.13864,0.94977,2.38978,-6.71553,7.12807
8,0.52873,0.13732,0.93977,2.36351,-6.71157,7.11557
8,0.5292,0.13599,0.92977,2.33727,-6.70764,7.10319
8,0.52966,0.13466,0.91977,2.31107,-6.70374,7.09092
8,0.53012,0.13332,0.90977,2.28491,-6.69987,7.07877
8,0.53057,0.13199,0.89977,2.25877,-6.69603,7.06674
8,0.53102,0.13064,0.88977,2.23267,-6.69222,7.05483
8,0.53147,0.1293,0.87977,2.2066,-6.68844,7.04303
8,0.53191,0.12795,0.86978,2.18056,-6.6847,7.03136
8,0.53235,0.12659,0.85978,2.15455,-6.68099,7.01981
8,0.53279,0.12524,0.84978,2.12857,-6.67731,7.00837
8,0.53322,0.12387,0.83978,2.10263,-6.67367,6.99706
8,0.53365,0.12251,0.82978,2.07671,-6.67006,6.98587
8,0.53407,0.12114,0.81978,2.05083,-6.66648,6.9748
8,0.53449,0.11977,0.80978,2.02497,-6.66294,6.96386
8,0.53491,0.11839,0.79978,1.99915,-6.65944,6.95304
8,0.53532,0.11701,0.78978,1.97335,-6.65597,6.94234
8,0.53573,0.11563,0.77978,1.94758,-6.65254,6.93176
8,0.53613,0.11425,0.76979,1.92185,-6.64914,6.92131
8,0.53653,0.11286,0.75979,1.89614,-6.64578,6.91099
8,0.53692,0.11146,0.74979,1.87046,-6.64246,6.90079
8,0.53731,0.11007,0.73979,1.8448,-6.63917,6.89071
8,0.5377,0.10867,0.72979,1.81918,-6.63593,6.88076
8,0.53808,0.10726,0.71979,1.79358,-6.63272,6.87094
8,0.53846,0.10586,0.70979,1.76801,-6.62955,6.86125
8,0.53883,0.10445,0.69979,1.74246,-6.62641,6.85168
8,0.5392,0.10304,0.68979,1.71695,-6.62332,6.84224
8,0.53957,0.10162,0.67979,1.69145,-6.62026,6.83293
8,0.53993,0.1002,0.6698,1.66599,-6.61725,6.82375
8,0.54028,0.09878,0.6598,1.64055,-6.61427,6.81469
8,0.54064,0.09735,0.6498,1.61513,-6.61134,6.80576
8,0.54098,0.09592,0.6398,1.58974,-6.60844,6.79697
8,0.54132,0.09449,0.6298,1.56437,-6.60559,6.7883
8,0.54166,0.09306,0.6198,1.53903,-6.60277,6.77976
8,0.54199,0.09162,0.6098,1.51371,-6.6,6.77136
8,0.54232,0.09018,0.5998,1.48842,-6.59726,6.76308
8,0.54265,0.08873,0.5898,1.46314,-6.59457,6.75494
8,0.54296,0.08729,0.5798,1.43789,-6.59192,6.74692
8,0.54328,0.08584,0.5698,1.41266,-6.58931,6.73904
8,0.54359,0.08439,0.5598,1.38746,-6.58674,6.73129
8,0.54389,0.08293,0.54981,1.36227,-6.58422,6.72367
8,0.54419,0.08147,0.53981,1.33711,-6.58174,6.71618
8,0.54448,0.08001,0.52981,1.31197,-6.5793,6.70883
8,0.54477,0.07855,0.51981,1.28685,-6.5769,6.70161
8,0.54506,0.07708,0.50981,1.26175,-6.57454,6.69452
8,0.54534,0.07562,0.49981,1.23667,-6.57223,6.68757
8,0.54561,0.07415,0.48981,1.21161,-6.56996,6.68075
8,0.54588,0.07267,0.47981,1.18656,-6.56773,6.67406
8,0.54614,0.0712,0.46981,1.16154,-6.56555,6.66751
8,0.5464,0.06972,0.45981,1.13653,-6.56341,6.66109
8,0.54666,0.06824,0.44981,1.11155,-6.56132,6.6548
8,0.54691,0.06676,0.43981,1.08658,-6.55927,6.64865
8,0.54715,0.06527,0.42981,1.06163,-6.55726,6.64264
8,0.54739,0.06378,0.41982,1.03669,-6.55529,6.63676
8,0.54762,0.06229,0.40982,1.01177,-6.55337,6.63102
8,0.54785,0.0608,0.39982,0.98687,-6.5515,6.62541
8,0.54807,0.05931,0.38982,0.96198,-6.54967,6.61994
8,0.54829,0.05781,0.37982,0.93711,-6.54788,6.6146
8,0.5485,0.05632,0.36982,0.91225,-6.54614,6.6094
8,0.54871,0.05482,0.35982,0.88741,-6.54445,6.60434
8,0.54891,0.05332,0.34982,0.86259,-6.5428,6.59941
8,0.5491,0.05181,0.33982,0.83777,-6.54119,6.59462
8,0.54929,0.05031,0.32982,0.81297,-6.53963,6.58997
8,0.54948,0.0488,0.31982,0.78819,-6.53811,6.58545
8,0.54966,0.04729,0.30982,0.76341,-6.53664,6.58107
8,0.54983,0.04578,0.29982,0.73865,-6.53522,6.57683
8,0.55,0.04427,0.28982,0.7139,-6.53384,6.57273
8,0.55016,0.04276,0.27982,0.68916,-6.53251,6.56876
8,0.55032,0.04124,0.26982,0.66444,-6.53122,6.56493
8,0.55047,0.03973,0.25983,0.63972,-6.52998,6.56124
8,0.55062,0.03821,0.24983,0.61501,-6.52878,6.55769
8,0.55076,0.03669,0.23983,0.59032,-6.52763,6.55427
8,0.55089,0.03517,0.22983,0.56563,-6.52653,6.551
8,0.55102,0.03365,0.21983,0.54096,-6.52547,6.54786
8,0.55115,0.03213,0.20983,0.51629,-6.52446,6.54486
8,0.55126,0.0306,0.19983,0.49163,-6.5235,6.542
8,0.55138,0.02908,0.18983,0.46698,-6.52258,6.53928
8,0.55148,0.02755,0.17983,0.44233,-6.52171,6.53669
8,0.55158,0.02603,0.16983,0.4177,-6.52089,6.53425
8,0.55168,0.0245,0.15983,0.39307,-6.52011,6.53195
8,0.55177,0.02297,0.14983,0.36844,-6.51938,6.52978
8,0.55185,0.02144,0.13983,0.34383,-6.51869,6.52775
8,0.55193,0.01991,0.12983,0.31922,-6.51805,6.52587
8,0.552,0.01838,0.11983,0.29461,-6.51746,6.52412
8,0.55207,0.01685,0.10983,0.27001,-6.51692,6.52251
8,0.55213,0.01532,0.09983,0.24541,-6.51642,6.52104
8,0.55218,0.01378,0.08983,0.22082,-6.51597,6.51971
8,0.55223,0.01225,0.07983,0.19623,-6.51557,6.51852
8,0.55228,0.01072,0.06983,0.17164,-6.51521,6.51747
8,0.55232,0.00918,0.05983,0.14706,-6.5149,6.51656
8,0.55235,0.00765,0.04983,0.12248,-6.51464,6.51579
8,0.55237,0.00611,0.03983,0.0979,-6.51442,6.51516
8,0.55239,0.00458,0.02983,0.07332,-6.51425,6.51467
8,0.55241,0.00304,0.01983,0.04875,-6.51413,6.51432
8,0.55242,0.00151,0.00984,0.02417,-6.51406,6.5141
8,0.55242,0,0,0,-6.51403,6.51403
9,0.67312,0.20951,0.99993,2.27446,-4.52662,5.06591
9,0.674,0.20774,0.98993,2.25032,-4.52395,5.05273
9,0.67488,0.20597,0.97993,2.22623,-4.5213,5.03967
9,0.67575,0.20418,0.96994,2.20218,-4.51865,5.0267
9,0.67662,0.20239,0.95994,2.17816,-4.51601,5.01385
9,0.67749,0.20059,0.94994,2.15419,-4.51338,5.00111
9,0.67835,0.19878,0.93994,2.13025,-4.51076,4.98848
9,0.6792,0.19697,0.92994,2.10636,-4.50815,4.97596
9,0.68005,0.19514,0.91994,2.0825,-4.50555,4.96355
9,0.68089,0.19331,0.90994,2.05867,-4.50297,4.95125
9,0.68173,0.19147,0.89995,2.03489,-4.5004,4.93906
9,0.68256,0.18962,0.88995,2.01114,-4.49784,4.92699
9,0.68339,0.18776,0.87995,1.98743,-4.4953,4.91504
9,0.68421,0.1859,0.86995,1.96376,-4.49277,4.9032
9,0.68502,0.18403,0.85995,1.94012,-4.49026,4.89147
9,0.68583,0.18215,0.84995,1.91651,-4.48777,4.87987
9,0.68663,0.18026,0.83995,1.89295,-4.48529,4.86838
9,0.68743,0.17836,0.82996,1.86941,-4.48283,4.85701
9,0.68822,0.17646,0.81996,1.84591,-4.48039,4.84575
9,0.689,0.17455,0.80996,1.82245,-4.47797,4.83462
9,0.68978,0.17263,0.79996,1.79902,-4.47557,4.82361
9,0.69055,0.1707,0.78996,1.77562,-4.47319,4.81271
9,0.69131,0.16877,0.77996,1.75225,-4.47082,4.80194
9,0.69207,0.16682,0.76996,1.72892,-4.46848,4.79129
9,0.69282,0.16487,0.75997,1.70562,-4.46616,4.78076
9,0.69356,0.16292,0.74997,1.68235,-4.46386,4.77036
9,0.6943,0.16095,0.73997,1.65912,-4.46158,4.76008
9,0.69502,0.15898,0.72997,1.63591,-4.45932,4.74992
9,0.69575,0.157,0.71997,1.61274,-4.45709,4.73989
9,0.69646,0.15501,0.70997,1.58959,-4.45487,4.72998
9,0.69717,0.15302,0.69997,1.56648,-4.45269,4.7202
9,0.69787,0.15102,0.68997,1.54339,-4.45052,4.71054
9,0.69856,0.14901,0.67998,1.52034,-4.44838,4.70101
9,0.69924,0.14699,0.66998,1.49732,-4.44626,4.69161
9,0.69992,0.14497,0.65998,1.47432,-4.44417,4.68233
9,0.70059,0.14294,0.64998,1.45135,-4.4421,4.67319
9,0.70125,0.1409,0.63998,1.42841,-4.44006,4.66417
9,0.7019,0.13886,0.62998,1.4055,-4.43804,4.65528
9,0.70255,0.13681,0.61998,1.38261,-4.43605,4.64652
9,0.70319,0.13475,0.60998,1.35976,-4.43408,4.63789
9,0.70381,0.13268,0.59999,1.33692,-4.43214,4.62939
9,0.70443,0.13061,0.58999,1.31412,-4.43023,4.62102
9,0.70505,0.12853,0.57999,1.29134,-4.42834,4.61278
9,0.70565,0.12645,0.56999,1.26858,-4.42648,4.60468
9,0.70624,0.12436,0.55999,1.24586,-4.42465,4.5967
9,0.70683,0.12226,0.54999,1.22315,-4.42284,4.58886
9,0.70741,0.12016,0.53999,1.20047,-4.42107,4.58115
9,0.70797,0.11805,0.52999,1.17781,-4.41932,4.57358
9,0.70853,0.11594,0.51999,1.15518,-4.4176,4.56614
9,0.70908,0.11381,0.51,1.13257,-4.4159,4.55883
9,0.70962,0.11169,0.5,1.10998,-4.41424,4.55166
9,0.71015,0.10955,0.49,1.08742,-4.41261,4.54462
9,0.71068,0.10741,0.48,1.06487,-4.411,4.53772
9,0.71119,0.10527,0.47,1.04235,-4.40943,4.53095
9,0.71169,0.10312,0.46,1.01985,-4.40788,4.52432
9,0.71219,0.10096,0.45,0.99737,-4.40636,4.51783
9,0.71267,0.0988,0.44,0.97491,-4.40488,4.51147
9,0.71315,0.09664,0.43,0.95247,-4.40342,4.50525
9,0.71361,0.09446,0.42,0.93005,-4.40199,4.49917
9,0.71407,0.09229,0.41,0.90765,-4.4006,4.49323
9,0.71451,0.0901,0.40001,0.88526,-4.39923,4.48742
9,0.71495,0.08792,0.39001,0.8629,-4.3979,4.48175
9,0.71537,0.08573,0.38001,0.84055,-4.3966,4.47623
9,0.71579,0.08353,0.37001,0.81822,-4.39533,4.47084
9,0.71619,0.08133,0.36001,0.79591,-4.39409,4.46559
9,0.71659,0.07912,0.35001,0.77361,-4.39288,4.46048
9,0.71697,0.07691,0.34001,0.75133,-4.39171,4.45551
9,0.71734,0.0747,0.33001,0.72906,-4.39056,4.45068
9,0.71771,0.07248,0.32001,0.70681,-4.38945,4.44599
9,0.71806,0.07026,0.31001,0.68457,-4.38837,4.44145
9,0.7184,0.06803,0.30001,0.66235,-4.38733,4.43704
9,0.71873,0.0658,0.29001,0.64014,-4.38631,4.43278
9,0.71905,0.06357,0.28002,0.61795,-4.38533,4.42866
9,0.71937,0.06133,0.27002,0.59577,-4.38438,4.42468
9,0.71966,0.05909,0.26002,0.5736,-4.38347,4.42084
9,0.71995,0.05684,0.25002,0.55144,-4.38259,4.41714
9,0.72023,0.0546,0.24002,0.52929,-4.38174,4.41359
9,0.7205,0.05235,0.23002,0.50716,-4.38092,4.41018
9,0.72075,0.05009,0.22002,0.48504,-4.38014,4.40692
9,0.721,0.04784,0.21002,0.46292,-4.3794,4.40379
9,0.72123,0.04558,0.20002,0.44082,-4.37868,4.40081
9,0.72145,0.04331,0.19002,0.41872,-4.378,4.39798
9,0.72167,0.04105,0.18002,0.39664,-4.37736,4.39529
9,0.72187,0.03878,0.17002,0.37456,-4.37674,4.39274
9,0.72206,0.03651,0.16002,0.35249,-4.37617,4.39034
9,0.72223,0.03424,0.15002,0.33043,-4.37562,4.38808
9,0.7224,0.03197,0.14002,0.30837,-4.37511,4.38597
9,0.72255,0.02969,0.13002,0.28632,-4.37464,4.384
9,0.7227,0.02742,0.12002,0.26428,-4.3742,4.38218
9,0.72283,0.02514,0.11003,0.24224,-4.37379,4.3805
9,0.72295,0.02286,0.10003,0.22021,-4.37342,4.37896
9,0.72306,0.02058,0.09003,0.19818,-4.37309,4.37757
9,0.72316,0.01829,0.08003,0.17616,-4.37278,4.37633
9,0.72325,0.01601,0.07003,0.15414,-4.37252,4.37523
9,0.72332,0.01373,0.06003,0.13212,-4.37229,4.37428
9,0.72339,0.01144,0.05003,0.11011,-4.37209,4.37347
9,0.72344,0.00916,0.04003,0.0881,-4.37193,4.37281
9,0.72348,0.00687,0.03003,0.06609,-4.3718,4.3723
9,0.72351,0.00458,0.02003,0.04408,-4.3717,4.37193
9,0.72353,0.00229,0.01003,0.02207,-4.37165,4.3717
9,0.72353,0.00001,0.00003,0.00006,-4.37162,4.37162
9,0.72353,0,0,0,-4.37162,4.37162
10,0.86851,0.32702,0.99994,1.93728,-2.73058,3.348
10,0.87024,0.32457,0.98995,1.91659,-2.72899,3.33477
10,0.87196,0.32211,0.97995,1.89593,-2.7274,3.32164
10,0.87368,0.31963,0.96995,1.87529,-2.72582,3.3086
10,0.87539,0.31713,0.95995,1.85468,-2.72424,3.29565
10,0.87709,0.31462,0.94995,1.8341,-2.72266,3.2828
10,0.87879,0.31208,0.93996,1.81354,-2.72108,3.27005
10,0.88049,0.30953,0.92996,1.79302,-2.71951,3.2574
10,0.88217,0.30696,0.91996,1.77252,-2.71794,3.24485
10,0.88385,0.30437,0.90996,1.75206,-2.71638,3.2324
10,0.88553,0.30176,0.89996,1.73162,-2.71482,3.22005
10,0.88719,0.29913,0.88997,1.71122,-2.71326,3.20781
10,0.88885,0.29649,0.87997,1.69085,-2.7117,3.19567
10,0.89051,0.29383,0.86997,1.6705,-2.71015,3.18363
10,0.89215,0.29114,0.85997,1.65019,-2.7086,3.1717
10,0.89379,0.28844,0.84998,1.62992,-2.70706,3.15987
10,0.89542,0.28572,0.83998,1.60967,-2.70552,3.14816
10,0.89704,0.28298,0.82998,1.58946,-2.70399,3.13655
10,0.89865,0.28023,0.81998,1.56928,-2.70246,3.12505
10,0.90025,0.27745,0.80998,1.54913,-2.70094,3.11366
10,0.90185,0.27466,0.79999,1.52901,-2.69942,3.10238
10,0.90343,0.27184,0.78999,1.50893,-2.69791,3.09121
10,0.905,0.26901,0.77999,1.48888,-2.6964,3.08015
10,0.90657,0.26616,0.76999,1.46886,-2.6949,3.06921
10,0.90812,0.26329,0.75999,1.44887,-2.69341,3.05838
10,0.90967,0.26041,0.75,1.42891,-2.69193,3.04766
10,0.9112,0.2575,0.74,1.40899,-2.69045,3.03706
10,0.91272,0.25457,0.73,1.38909,-2.68898,3.02658
10,0.91424,0.25163,0.72,1.36923,-2.68752,3.01621
10,0.91574,0.24867,0.71,1.3494,-2.68606,3.00597
10,0.91722,0.24569,0.70001,1.3296,-2.68462,2.99584
10,0.9187,0.24269,0.69001,1.30983,-2.68319,2.98582
10,0.92016,0.23967,0.68001,1.2901,-2.68176,2.97593
10,0.92161,0.23663,0.67001,1.27039,-2.68034,2.96616
10,0.92305,0.23358,0.66001,1.25071,-2.67894,2.95652
10,0.92448,0.2305,0.65001,1.23106,-2.67755,2.94699
10,0.92589,0.22741,0.64002,1.21144,-2.67616,2.93759
10,0.92729,0.2243,0.63002,1.19185,-2.67479,2.92831
10,0.92867,0.22118,0.62002,1.1723,-2.67343,2.91916
10,0.93004,0.21803,0.61002,1.15276,-2.67208,2.91013
10,0.93139,0.21487,0.60002,1.13326,-2.67075,2.90123
10,0.93273,0.21169,0.59003,1.11379,-2.66942,2.89246
10,0.93406,0.20849,0.58003,1.09434,-2.66811,2.88382
10,0.93537,0.20527,0.57003,1.07492,-2.66682,2.8753
10,0.93666,0.20204,0.56003,1.05553,-2.66553,2.86692
10,0.93794,0.19879,0.55003,1.03616,-2.66427,2.85866
10,0.9392,0.19552,0.54003,1.01683,-2.66301,2.85054
10,0.94044,0.19224,0.53004,0.99751,-2.66178,2.84255
10,0.94167,0.18893,0.52004,0.97823,-2.66055,2.83469
10,0.94288,0.18561,0.51004,0.95897,-2.65935,2.82697
10,0.94407,0.18228,0.50004,0.93973,-2.65816,2.81938
10,0.94524,0.17893,0.49004,0.92052,-2.65698,2.81192
10,0.9464,0.17556,0.48004,0.90133,-2.65582,2.8046
10,0.94754,0.17218,0.47005,0.88217,-2.65468,2.79742
10,0.94865,0.16878,0.46005,0.86303,-2.65356,2.79038
10,0.94975,0.16536,0.45005,0.84391,-2.65246,2.78347
10,0.95084,0.16193,0.44005,0.82482,-2.65137,2.77671
10,0.9519,0.15849,0.43005,0.80575,-2.6503,2.77008
10,0.95294,0.15503,0.42005,0.7867,-2.64925,2.76359
10,0.95396,0.15155,0.41005,0.76767,-2.64823,2.75725
10,0.95496,0.14806,0.40006,0.74866,-2.64722,2.75104
10,0.95594,0.14456,0.39006,0.72968,-2.64623,2.74498
10,0.9569,0.14104,0.38006,0.71071,-2.64526,2.73907
10,0.95784,0.13751,0.37006,0.69176,-2.64431,2.7333
10,0.95875,0.13396,0.36006,0.67284,-2.64338,2.72767
10,0.95965,0.1304,0.35006,0.65393,-2.64247,2.72219
10,0.96052,0.12683,0.34006,0.63504,-2.64159,2.71685
10,0.96137,0.12325,0.33006,0.61617,-2.64073,2.71166
10,0.9622,0.11965,0.32007,0.59731,-2.63989,2.70662
10,0.963,0.11604,0.31007,0.57848,-2.63907,2.70172
10,0.96378,0.11242,0.30007,0.55965,-2.63827,2.69698
10,0.96454,0.10879,0.29007,0.54085,-2.6375,2.69238
10,0.96528,0.10514,0.28007,0.52206,-2.63675,2.68793
10,0.96599,0.10149,0.27007,0.50329,-2.63602,2.68364
10,0.96668,0.09782,0.26007,0.48453,-2.63532,2.67949
10,0.96734,0.09415,0.25007,0.46578,-2.63464,2.6755
10,0.96798,0.09046,0.24007,0.44705,-2.63399,2.67166
10,0.9686,0.08677,0.23008,0.42833,-2.63336,2.66797
10,0.96919,0.08307,0.22008,0.40962,-2.63276,2.66443
10,0.96975,0.07935,0.21008,0.39093,-2.63218,2.66105
10,0.97029,0.07563,0.20008,0.37224,-2.63162,2.65782
10,0.97081,0.0719,0.19008,0.35357,-2.63109,2.65474
10,0.9713,0.06817,0.18008,0.33491,-2.63059,2.65182
10,0.97177,0.06442,0.17008,0.31626,-2.63011,2.64906
10,0.9722,0.06067,0.16008,0.29762,-2.62966,2.64645
10,0.97262,0.05691,0.15008,0.27898,-2.62924,2.644
10,0.973,0.05315,0.14008,0.26036,-2.62884,2.6417
10,0.97337,0.04938,0.13008,0.24174,-2.62846,2.63956
10,0.9737,0.04561,0.12008,0.22313,-2.62812,2.63757
10,0.97401,0.04183,0.11008,0.20453,-2.6278,2.63575
10,0.97429,0.03804,0.10008,0.18593,-2.62751,2.63408
10,0.97455,0.03425,0.09009,0.16734,-2.62724,2.63256
10,0.97478,0.03046,0.08009,0.14875,-2.627,2.63121
10,0.97498,0.02666,0.07009,0.13017,-2.62679,2.63001
10,0.97516,0.02287,0.06009,0.11159,-2.62661,2.62897
10,0.97531,0.01906,0.05009,0.09301,-2.62645,2.62809
10,0.97543,0.01526,0.04009,0.07444,-2.62632,2.62737
10,0.97553,0.01146,0.03009,0.05587,-2.62622,2.62681
10,0.97559,0.00765,0.02009,0.0373,-2.62614,2.6264
10,0.97564,0.00384,0.01009,0.01873,-2.62609,2.62616
10,0.97565,0.00003,0.00009,0.00017,-2.62607,2.62607
10,0.97565,0,0,0,-2.62607,2.62607
11,1.12468,0.55748,0.99995,1.57696,-1.39173,2.10326
11,1.12825,0.55432,0.98995,1.55975,-1.39127,2.09009
11,1.13182,0.55112,0.97995,1.54256,-1.39079,2.07697
11,1.1354,0.54787,0.96996,1.5254,-1.39028,2.06391
11,1.13898,0.54459,0.95996,1.50826,-1.38975,2.05092
11,1.14257,0.54127,0.94996,1.49115,-1.38919,2.03799
11,1.14616,0.53791,0.93997,1.47407,-1.38862,2.02512
11,1.14976,0.5345,0.92997,1.45701,-1.38802,2.01233
11,1.15336,0.53105,0.91997,1.43998,-1.3874,1.99961
11,1.15696,0.52757,0.90998,1.42298,-1.38677,1.98696
11,1.16057,0.52403,0.89998,1.40602,-1.38611,1.97438
11,1.16417,0.52046,0.88998,1.38908,-1.38544,1.96189
11,1.16778,0.51684,0.87999,1.37217,-1.38476,1.94947
11,1.17139,0.51318,0.86999,1.3553,-1.38406,1.93713
11,1.17501,0.50947,0.85999,1.33846,-1.38334,1.92487
11,1.17862,0.50571,0.85,1.32165,-1.38261,1.91269
11,1.18223,0.50191,0.84,1.30487,-1.38187,1.90059
11,1.18584,0.49807,0.83,1.28813,-1.38111,1.88858
11,1.18945,0.49417,0.82001,1.27142,-1.38035,1.87666
11,1.19306,0.49023,0.81001,1.25474,-1.37956,1.86482
11,1.19667,0.48624,0.80001,1.23809,-1.37877,1.85307
11,1.20027,0.48221,0.79002,1.22148,-1.37797,1.84142
11,1.20388,0.47812,0.78002,1.2049,-1.37715,1.82985
11,1.20747,0.47398,0.77002,1.18836,-1.37633,1.81837
11,1.21106,0.4698,0.76003,1.17185,-1.37549,1.80699
11,1.21465,0.46556,0.75003,1.15537,-1.37465,1.7957
11,1.21823,0.46128,0.74003,1.13893,-1.3738,1.78451
11,1.2218,0.45694,0.73004,1.12252,-1.37293,1.77341
11,1.22537,0.45255,0.72004,1.10614,-1.37206,1.76242
11,1.22893,0.44811,0.71004,1.0898,-1.37119,1.75152
11,1.23247,0.44362,0.70005,1.07349,-1.3703,1.74072
11,1.23601,0.43907,0.69005,1.05722,-1.36941,1.73003
11,1.23954,0.43447,0.68005,1.04097,-1.36851,1.71944
11,1.24306,0.42982,0.67006,1.02476,-1.36761,1.70895
11,1.24656,0.42511,0.66006,1.00859,-1.3667,1.69857
11,1.25005,0.42035,0.65006,0.99245,-1.36579,1.68829
11,1.25352,0.41553,0.64007,0.97634,-1.36487,1.67813
11,1.25698,0.41066,0.63007,0.96026,-1.36395,1.66807
11,1.26043,0.40574,0.62007,0.94422,-1.36303,1.65813
11,1.26385,0.40075,0.61008,0.9282,-1.3621,1.6483
11,1.26726,0.39571,0.60008,0.91223,-1.36117,1.63858
11,1.27065,0.39062,0.59008,0.89628,-1.36024,1.62898
11,1.27402,0.38547,0.58009,0.88036,-1.35931,1.6195
11,1.27737,0.38026,0.57009,0.86448,-1.35838,1.61013
11,1.28069,0.37499,0.56009,0.84863,-1.35745,1.60089
11,1.28399,0.36967,0.55009,0.83281,-1.35652,1.59176
11,1.28727,0.36429,0.5401,0.81702,-1.35559,1.58276
11,1.29051,0.35886,0.5301,0.80127,-1.35466,1.57389
11,1.29374,0.35336,0.5201,0.78554,-1.35373,1.56514
11,1.29693,0.34781,0.51011,0.76985,-1.35281,1.55652
11,1.30009,0.3422,0.50011,0.75418,-1.35189,1.54803
11,1.30323,0.33653,0.49011,0.73855,-1.35097,1.53967
11,1.30633,0.33081,0.48012,0.72294,-1.35006,1.53144
11,1.3094,0.32502,0.47012,0.70737,-1.34915,1.52335
11,1.31243,0.31919,0.46012,0.69182,-1.34825,1.51539
11,1.31542,0.31329,0.45012,0.67631,-1.34736,1.50757
11,1.31838,0.30733,0.44013,0.66082,-1.34647,1.49989
11,1.3213,0.30132,0.43013,0.64536,-1.34559,1.49235
11,1.32418,0.29526,0.42013,0.62993,-1.34472,1.48496
11,1.32702,0.28913,0.41014,0.61453,-1.34386,1.4777
11,1.32981,0.28295,0.40014,0.59915,-1.34301,1.4706
11,1.33256,0.27672,0.39014,0.5838,-1.34217,1.46364
11,1.33527,0.27043,0.38014,0.56848,-1.34134,1.45683
11,1.33793,0.26408,0.37015,0.55318,-1.34052,1.45017
11,1.34053,0.25769,0.36015,0.53791,-1.33971,1.44366
11,1.34309,0.25123,0.35015,0.52266,-1.33891,1.43731
11,1.3456,0.24473,0.34015,0.50744,-1.33813,1.43112
11,1.34805,0.23817,0.33016,0.49225,-1.33737,1.42508
11,1.35045,0.23156,0.32016,0.47707,-1.33661,1.4192
11,1.35279,0.2249,0.31016,0.46192,-1.33588,1.41348
11,1.35508,0.2182,0.30016,0.44679,-1.33515,1.40793
11,1.35731,0.21144,0.29016,0.43169,-1.33445,1.40254
11,1.35948,0.20463,0.28017,0.41661,-1.33376,1.39731
11,1.36158,0.19778,0.27017,0.40154,-1.33309,1.39225
11,1.36362,0.19088,0.26017,0.3865,-1.33244,1.38736
11,1.3656,0.18394,0.25017,0.37148,-1.33181,1.38264
11,1.36752,0.17696,0.24018,0.35647,-1.33119,1.3781
11,1.36936,0.16993,0.23018,0.34149,-1.3306,1.37372
11,1.37114,0.16286,0.22018,0.32652,-1.33003,1.36952
11,1.37285,0.15575,0.21018,0.31157,-1.32948,1.3655
11,1.37449,0.1486,0.20018,0.29664,-1.32894,1.36165
11,1.37606,0.14142,0.19018,0.28172,-1.32844,1.35798
11,1.37755,0.1342,0.18019,0.26682,-1.32795,1.35449
11,1.37897,0.12695,0.17019,0.25193,-1.32749,1.35118
11,1.38032,0.11966,0.16019,0.23706,-1.32705,1.34806
11,1.38159,0.11234,0.15019,0.2222,-1.32663,1.34511
11,1.38278,0.105,0.14019,0.20735,-1.32624,1.34235
11,1.3839,0.09763,0.13019,0.19251,-1.32587,1.33978
11,1.38494,0.09023,0.12019,0.17768,-1.32553,1.33739
11,1.38589,0.08281,0.11019,0.16286,-1.32522,1.33519
11,1.38677,0.07537,0.1002,0.14806,-1.32493,1.33317
11,1.38757,0.0679,0.0902,0.13326,-1.32466,1.33135
11,1.38828,0.06042,0.0802,0.11847,-1.32442,1.32971
11,1.38892,0.05292,0.0702,0.10368,-1.32421,1.32826
11,1.38947,0.04541,0.0602,0.0889,-1.32403,1.32701
11,1.38993,0.03789,0.0502,0.07413,-1.32387,1.32594
11,1.39032,0.03035,0.0402,0.05936,-1.32374,1.32507
11,1.39062,0.02281,0.0302,0.04459,-1.32363,1.32438
11,1.39083,0.01526,0.0202,0.02982,-1.32355,1.32389
11,1.39097,0.00771,0.0102,0.01506,-1.3235,1.32359
11,1.39101,0.00015,0.0002,0.0003,-1.32348,1.32348
11,1.39101,0,0,0,-1.32348,1.32348
12,1.40565,1.0264,1,1.25435,-0.46695,1.33844
12,1.41267,1.02376,0.99,1.23971,-0.46784,1.32505
12,1.41976,1.02107,0.98001,1.22512,-0.46871,1.31172
12,1.42691,1.01832,0.97001,1.21059,-0.46955,1.29846
12,1.43412,1.01551,0.96002,1.19611,-0.47038,1.28527
12,1.44138,1.01263,0.95002,1.18167,-0.47118,1.27214
12,1.44871,1.00969,0.94003,1.16728,-0.47196,1.25908
12,1.4561,1.00668,0.93003,1.15293,-0.47273,1.24608
12,1.46356,1.00361,0.92004,1.13862,-0.47347,1.23314
12,1.47107,1.00046,0.91005,1.12435,-0.47419,1.22026
12,1.47865,0.99724,0.90005,1.11013,-0.47489,1.20744
12,1.4863,0.99395,0.89006,1.09595,-0.47557,1.19468
12,1.494,0.99059,0.88006,1.0818,-0.47623,1.18198
12,1.50178,0.98714,0.87007,1.0677,-0.47687,1.16935
12,1.50961,0.98362,0.86007,1.05363,-0.47748,1.15677
12,1.51752,0.98001,0.85008,1.0396,-0.47808,1.14426
12,1.52549,0.97632,0.84008,1.02562,-0.47866,1.13181
12,1.53352,0.97255,0.83009,1.01167,-0.47921,1.11943
12,1.54163,0.96868,0.8201,0.99776,-0.47974,1.1071
12,1.5498,0.96473,0.8101,0.98389,-0.48025,1.09484
12,1.55804,0.96068,0.80011,0.97006,-0.48074,1.08265
12,1.56634,0.95653,0.79011,0.95627,-0.48121,1.07052
12,1.57472,0.95229,0.78012,0.94252,-0.48166,1.05846
12,1.58316,0.94795,0.77012,0.92881,-0.48208,1.04646
12,1.59168,0.9435,0.76013,0.91514,-0.48248,1.03454
12,1.60026,0.93894,0.75014,0.90151,-0.48286,1.02268
12,1.60891,0.93427,0.74014,0.88792,-0.48322,1.01089
12,1.61763,0.92949,0.73015,0.87437,-0.48356,0.99917
12,1.62642,0.9246,0.72015,0.86086,-0.48387,0.98753
12,1.63528,0.91958,0.71016,0.8474,-0.48416,0.97596
12,1.6442,0.91444,0.70017,0.83397,-0.48443,0.96446
12,1.6532,0.90918,0.69017,0.82059,-0.48468,0.95303
12,1.66227,0.90378,0.68018,0.80724,-0.4849,0.94169
12,1.6714,0.89825,0.67019,0.79394,-0.4851,0.93041
12,1.6806,0.89259,0.66019,0.78069,-0.48528,0.91922
12,1.68987,0.88678,0.6502,0.76747,-0.48544,0.90811
12,1.69921,0.88083,0.6402,0.7543,-0.48557,0.89708
12,1.70861,0.87472,0.63021,0.74117,-0.48568,0.88612
12,1.71808,0.86847,0.62022,0.72808,-0.48577,0.87526
12,1.72761,0.86206,0.61022,0.71504,-0.48583,0.86447
12,1.73721,0.85548,0.60023,0.70204,-0.48587,0.85378
12,1.74687,0.84874,0.59024,0.68909,-0.48589,0.84317
12,1.75659,0.84183,0.58024,0.67617,-0.48589,0.83265
12,1.76637,0.83474,0.57025,0.66331,-0.48587,0.82222
12,1.7762,0.82747,0.56026,0.65048,-0.48582,0.81188
12,1.7861,0.82002,0.55026,0.6377,-0.48575,0.80164
12,1.79605,0.81237,0.54027,0.62497,-0.48567,0.79149
12,1.80604,0.80453,0.53028,0.61228,-0.48555,0.78144
12,1.81609,0.79649,0.52028,0.59964,-0.48542,0.77149
12,1.82619,0.78824,0.51029,0.58704,-0.48527,0.76164
12,1.83633,0.77977,0.5003,0.57449,-0.48509,0.7519
12,1.84651,0.7711,0.4903,0.56198,-0.4849,0.74226
12,1.85672,0.76219,0.48031,0.54952,-0.48468,0.73273
12,1.86697,0.75306,0.47032,0.5371,-0.48445,0.7233
12,1.87725,0.74369,0.46032,0.52473,-0.4842,0.714
12,1.88755,0.73409,0.45033,0.51241,-0.48392,0.7048
12,1.89788,0.72423,0.44034,0.50013,-0.48363,0.69572
12,1.90822,0.71413,0.43034,0.4879,-0.48333,0.68677
12,1.91856,0.70376,0.42035,0.47571,-0.483,0.67793
12,1.92891,0.69313,0.41036,0.46357,-0.48266,0.66922
12,1.93926,0.68223,0.40036,0.45148,-0.4823,0.66064
12,1.9496,0.67106,0.39037,0.43944,-0.48193,0.65219
12,1.95992,0.6596,0.38038,0.42744,-0.48154,0.64388
12,1.97022,0.64785,0.37038,0.41548,-0.48113,0.6357
12,1.98049,0.63582,0.36039,0.40357,-0.48072,0.62767
12,1.99071,0.62348,0.3504,0.39171,-0.48029,0.61977
12,2.00089,0.61084,0.3404,0.3799,-0.47985,0.61203
12,2.011,0.59789,0.33041,0.36813,-0.4794,0.60444
12,2.02104,0.58462,0.32042,0.3564,-0.47895,0.597
12,2.031,0.57104,0.31042,0.34472,-0.47848,0.58973
12,2.04087,0.55714,0.30043,0.33309,-0.47801,0.58261
12,2.05063,0.54291,0.29044,0.3215,-0.47753,0.57567
12,2.06028,0.52835,0.28044,0.30995,-0.47705,0.5689
12,2.0698,0.51346,0.27045,0.29845,-0.47656,0.5623
12,2.07917,0.49824,0.26045,0.28699,-0.47607,0.55588
12,2.08838,0.48268,0.25046,0.27557,-0.47558,0.54965
12,2.09742,0.46679,0.24047,0.2642,-0.47509,0.54361
12,2.10628,0.45056,0.23047,0.25286,-0.47461,0.53777
12,2.11493,0.434,0.22048,0.24157,-0.47412,0.53212
12,2.12336,0.4171,0.21048,0.23031,-0.47365,0.52668
12,2.13155,0.39988,0.20049,0.2191,-0.47318,0.52144
12,2.13949,0.38233,0.19049,0.20792,-0.47272,0.51642
12,2.14716,0.36447,0.1805,0.19677,-0.47227,0.51162
12,2.15455,0.34628,0.1705,0.18567,-0.47183,0.50704
12,2.16163,0.32779,0.16051,0.17459,-0.4714,0.5027
12,2.16839,0.30901,0.15051,0.16355,-0.47099,0.49858
12,2.17482,0.28993,0.14052,0.15254,-0.4706,0.4947
12,2.18089,0.27058,0.13052,0.14155,-0.47022,0.49107
12,2.18659,0.25096,0.12052,0.1306,-0.46987,0.48768
12,2.19191,0.2311,0.11053,0.11967,-0.46953,0.48454
12,2.19682,0.211,0.10053,0.10877,-0.46922,0.48166
12,2.20132,0.19067,0.09053,0.09788,-0.46893,0.47904
12,2.20539,0.17015,0.08054,0.08702,-0.46867,0.47668
12,2.20902,0.14945,0.07054,0.07618,-0.46843,0.47459
12,2.2122,0.12858,0.06054,0.06535,-0.46822,0.47276
12,2.21491,0.10757,0.05054,0.05453,-0.46804,0.47121
12,2.21715,0.08644,0.04055,0.04373,-0.46789,0.46993
12,2.21892,0.06521,0.03055,0.03294,-0.46777,0.46893
12,2.2202,0.04391,0.02055,0.02215,-0.46768,0.4682
12,2.22099,0.02256,0.01055,0.01137,-0.46762,0.46775
12,2.22128,0.00118,0.00055,0.00059,-0.46759,0.46759
12,2.22129,0,0,0,-0.46758,0.46758
13,1.46407,1.87634,0.99996,0.94432,0.21029,0.96745
13,1.47422,1.87859,0.98997,0.93191,0.20532,0.95426
13,1.48452,1.88085,0.97998,0.91953,0.20036,0.9411
13,1.49498,1.88311,0.96998,0.9072,0.19541,0.92801
13,1.50558,1.88539,0.95999,0.89492,0.19049,0.91497
13,1.51634,1.88766,0.95,0.88268,0.1856,0.90198
13,1.52726,1.88995,0.94,0.8705,0.18072,0.88906
13,1.53835,1.89224,0.93001,0.85837,0.17588,0.8762
13,1.54961,1.89453,0.92002,0.84629,0.17106,0.86341
13,1.56104,1.89682,0.91003,0.83427,0.16628,0.85068
13,1.57265,1.89912,0.90003,0.8223,0.16152,0.83802
13,1.58444,1.90142,0.89004,0.81039,0.1568,0.82542
13,1.59642,1.90373,0.88005,0.79854,0.1521,0.8129
13,1.60859,1.90603,0.87006,0.78674,0.14744,0.80044
13,1.62096,1.90833,0.86007,0.775,0.14282,0.78805
13,1.63353,1.91063,0.85007,0.76332,0.13822,0.77573
13,1.64631,1.91292,0.84008,0.75169,0.13366,0.76348
13,1.65931,1.91521,0.83009,0.74012,0.12914,0.75131
13,1.67252,1.9175,0.8201,0.72861,0.12465,0.7392
13,1.68595,1.91978,0.81011,0.71716,0.1202,0.72716
13,1.69962,1.92204,0.80012,0.70576,0.11578,0.7152
13,1.71353,1.9243,0.79012,0.69442,0.1114,0.7033
13,1.72768,1.92655,0.78013,0.68314,0.10706,0.69148
13,1.74208,1.92878,0.77014,0.67192,0.10275,0.67973
13,1.75674,1.931,0.76015,0.66076,0.09849,0.66806
13,1.77167,1.9332,0.75016,0.64965,0.09426,0.65645
13,1.78687,1.93537,0.74017,0.6386,0.09007,0.64492
13,1.80235,1.93753,0.73018,0.62761,0.08592,0.63347
13,1.81812,1.93966,0.72019,0.61668,0.08182,0.62208
13,1.83419,1.94176,0.7102,0.6058,0.07775,0.61077
13,1.85057,1.94383,0.7002,0.59499,0.07372,0.59954
13,1.86727,1.94586,0.69021,0.58423,0.06974,0.58838
13,1.88429,1.94786,0.68022,0.57353,0.0658,0.5773
13,1.90166,1.94982,0.67023,0.56289,0.0619,0.56629
13,1.91937,1.95172,0.66024,0.55231,0.05805,0.55535
13,1.93744,1.95358,0.65025,0.54179,0.05424,0.5445
13,1.95588,1.95539,0.64026,0.53133,0.05048,0.53372
13,1.97471,1.95713,0.63027,0.52092,0.04676,0.52302
13,1.99394,1.95881,0.62028,0.51058,0.04308,0.51239
13,2.01357,1.96042,0.6103,0.50029,0.03946,0.50184
13,2.03363,1.96195,0.60031,0.49006,0.03588,0.49138
13,2.05412,1.9634,0.59032,0.4799,0.03235,0.48099
13,2.07507,1.96475,0.58033,0.46979,0.02887,0.47068
13,2.09649,1.96601,0.57034,0.45974,0.02543,0.46045
13,2.1184,1.96716,0.56035,0.44976,0.02205,0.4503
13,2.14081,1.96819,0.55036,0.43983,0.01872,0.44023
13,2.16374,1.9691,0.54037,0.42997,0.01544,0.43024
13,2.18722,1.96987,0.53039,0.42016,0.01221,0.42034
13,2.21126,1.97049,0.5204,0.41042,0.00903,0.41052
13,2.23588,1.97095,0.51041,0.40074,0.00591,0.40078
13,2.2611,1.97124,0.50042,0.39112,0.00284,0.39113
13,2.28695,1.97134,0.49043,0.38156,-0.00018,0.38156
13,2.31346,1.97123,0.48045,0.37206,-0.00314,0.37208
13,2.34064,1.9709,0.47046,0.36263,-0.00604,0.36268
13,2.36854,1.97033,0.46047,0.35326,-0.00888,0.35337
13,2.39716,1.9695,0.45049,0.34395,-0.01167,0.34415
13,2.42655,1.96838,0.4405,0.33471,-0.0144,0.33502
13,2.45674,1.96696,0.43051,0.32553,-0.01706,0.32598
13,2.48775,1.96519,0.42053,0.31641,-0.01967,0.31702
13,2.51963,1.96307,0.41054,0.30736,-0.02222,0.30817
13,2.5524,1.96054,0.40056,0.29838,-0.0247,0.2994
13,2.58612,1.95759,0.39057,0.28946,-0.02712,0.29073
13,2.62081,1.95416,0.38059,0.28061,-0.02947,0.28215
13,2.65653,1.95022,0.3706,0.27182,-0.03176,0.27367
13,2.69331,1.94572,0.36062,0.2631,-0.03398,0.26529
13,2.7312,1.94061,0.35063,0.25445,-0.03614,0.25701
13,2.77025,1.93482,0.34065,0.24587,-0.03823,0.24882
13,2.81052,1.92831,0.33067,0.23736,-0.04024,0.24074
13,2.85205,1.92099,0.32069,0.22891,-0.04219,0.23277
13,2.8949,1.9128,0.3107,0.22054,-0.04407,0.2249
13,2.93914,1.90364,0.30072,0.21224,-0.04587,0.21714
13,2.98481,1.89341,0.29074,0.20401,-0.0476,0.20949
13,3.03198,1.88203,0.28076,0.19586,-0.04925,0.20196
13,3.08071,1.86935,0.27078,0.18778,-0.05083,0.19454
13,3.13108,1.85526,0.2608,0.17977,-0.05233,0.18723
13,3.18313,1.8396,0.25082,0.17184,-0.05375,0.18005
13,3.23693,1.82222,0.24084,0.16399,-0.05509,0.173
13,3.29256,1.80291,0.23086,0.15621,-0.05636,0.16607
13,3.35005,1.78149,0.22088,0.14852,-0.05754,0.15927
13,3.40947,1.75771,0.2109,0.1409,-0.05864,0.15262
13,3.47085,1.73131,0.20092,0.13337,-0.05965,0.1461
13,3.53424,1.702,0.19094,0.12592,-0.06059,0.13974
13,3.59963,1.66946,0.18097,0.11855,-0.06144,0.13353
13,3.66702,1.63332,0.17099,0.11127,-0.0622,0.12748
13,3.73636,1.59317,0.16101,0.10408,-0.06288,0.1216
13,3.80756,1.54856,0.15104,0.09698,-0.06348,0.11591
13,3.8805,1.49899,0.14106,0.08996,-0.06399,0.1104
13,3.95495,1.44392,0.13109,0.08304,-0.06443,0.1051
13,4.03061,1.38275,0.12111,0.07621,-0.06478,0.10002
13,4.10706,1.31487,0.11114,0.06947,-0.06506,0.09518
13,4.18374,1.23963,0.10116,0.06282,-0.06527,0.09059
13,4.25994,1.1564,0.09119,0.05627,-0.06541,0.08628
13,4.33472,1.06459,0.08121,0.04981,-0.06549,0.08228
13,4.40694,0.9637,0.07124,0.04344,-0.06551,0.07861
13,4.47523,0.85341,0.06126,0.03715,-0.0655,0.0753
13,4.53799,0.73366,0.05128,0.03095,-0.06545,0.0724
13,4.59346,0.60476,0.0413,0.02482,-0.06538,0.06993
13,4.6398,0.46746,0.03131,0.01875,-0.0653,0.06794
13,4.67525,0.32304,0.02132,0.01274,-0.06522,0.06646
13,4.69828,0.1733,0.01133,0.00676,-0.06516,0.06551
13,4.70782,0.02049,0.00133,0.00079,-0.06512,0.06513
13,4.70802,0,0,0,-0.06512,0.06512